tag,step,wall_time,value
cls_loss/train,100,1782081374.9206183,0.05140121281147003
cls_loss/train,200,1782081489.0018053,0.037089016288518906
cls_loss/train,300,1782081602.2938359,0.03012065589427948
cls_loss/train,400,1782081717.6569107,0.01396443136036396
cls_loss/train,500,1782081831.3503385,0.014491647481918335
cls_loss/train,600,1782081944.6816802,0.013840191066265106
cls_loss/train,700,1782082060.1071708,0.011280491016805172
cls_loss/train,800,1782082174.2129436,0.01165137067437172
cls_loss/train,900,1782082288.1123483,0.011470098048448563
cls_loss/train,1000,1782082404.3401403,0.01043351273983717
cls_loss/train,1100,1782082518.4048855,0.01001475378870964
cls_loss/train,1200,1782082632.4065573,0.00971809308975935
cls_loss/train,1300,1782082748.2962954,0.008806345984339714
cls_loss/train,1400,1782082862.4127946,0.009013024158775806
cls_loss/train,1500,1782082976.2556999,0.009031087160110474
cls_loss/train,1600,1782083092.3294914,0.007965954020619392
cls_loss/train,1700,1782083205.7002354,0.008287424221634865
cls_loss/train,1800,1782083320.0141783,0.008417782373726368
cls_loss/train,1900,1782083436.0884576,0.007290632463991642
cls_loss/train,2000,1782083550.0399857,0.007594871800392866
cls_loss/train,2100,1782083664.2330282,0.007581168320029974
cls_loss/train,2200,1782083780.605012,0.007933225482702255
cls_loss/train,2300,1782083894.7070549,0.007060219533741474
cls_loss/train,2400,1782084009.125606,0.007076606620103121
cls_loss/train,2500,1782084125.2663364,0.006745115388184786
cls_loss/train,2600,1782084239.1154234,0.00674029253423214
cls_loss/train,2700,1782084353.316706,0.006487452425062656
cls_loss/train,2800,1782084468.883733,0.005237584467977285
cls_loss/train,2900,1782084582.7827866,0.005990722216665745
cls_loss/train,3000,1782084696.865014,0.0060392883606255054
cls_loss/train,3100,1782085089.5569015,0.006437529344111681
cls_loss/train,3200,1782085202.9865396,0.005695040337741375
cls_loss/train,3300,1782085315.8330972,0.0056113931350409985
cls_loss/train,3400,1782085430.3238766,0.0038220591377466917
cls_loss/train,3500,1782085543.030717,0.005397404078394175
cls_loss/train,3600,1782085655.7052636,0.005114429630339146
cls_loss/train,3700,1782085768.4944189,0.005096407141536474
cls_loss/train,3800,1782085883.253342,0.004712227266281843
cls_loss/train,3900,1782085995.9030635,0.004752872511744499
cls_loss/train,4000,1782086108.3374424,0.004731984343379736
cls_loss/train,4100,1782086222.9960306,0.004527816083282232
cls_loss/train,4200,1782086335.753235,0.004371489863842726
cls_loss/train,4300,1782086448.401119,0.004433106165379286
cls_loss/train,4400,1782086563.0509284,0.00482485257089138
cls_loss/train,4500,1782086675.44794,0.0045628328807652
cls_loss/train,4600,1782086788.0798194,0.004476810339838266
cls_loss/train,4700,1782086903.521024,0.004307931289076805
cls_loss/train,4800,1782087015.846765,0.004198091570287943
cls_loss/train,4900,1782087128.7188733,0.004129497800022364
cls_loss/train,5000,1782087243.186733,0.0037796697579324245
cls_loss/train,5100,1782087355.617222,0.004013953730463982
cls_loss/train,5200,1782087468.3505354,0.003863599617034197
cls_loss/train,5300,1782087582.4573653,0.003937375731766224
cls_loss/train,5400,1782087694.759699,0.0036877128295600414
cls_loss/train,5500,1782087807.4143305,0.0036334230098873377
cls_loss/train,5600,1782087922.553881,0.003971186000853777
cls_loss/train,5700,1782088035.1541228,0.003773550968617201
cls_loss/train,5800,1782088147.7098105,0.003488999092951417
cls_loss/train,5900,1782088262.62747,0.0034940505865961313
cls_loss/train,6000,1782088375.1433756,0.0033311264123767614
cls_loss/train,6100,1782088487.3492067,0.003344884840771556
cls_loss/train,6200,1782088866.7055879,0.003131851088255644
cls_loss/train,6300,1782088979.8928056,0.0030537054408341646
cls_loss/train,6400,1782089093.3363745,0.003079008776694536
cls_loss/train,6500,1782089208.027839,0.0030298687051981688
cls_loss/train,6600,1782089320.601281,0.0031243842095136642
cls_loss/train,6700,1782089432.7609887,0.003020958974957466
cls_loss/train,6800,1782089547.5980682,0.002558841137215495
cls_loss/train,6900,1782089660.1463327,0.003056056797504425
cls_loss/train,7000,1782089772.4375515,0.0029308891389518976
cls_loss/train,7100,1782089885.4029217,0.00292606302537024
cls_loss/train,7200,1782089999.9603713,0.002840096363797784
cls_loss/train,7300,1782090112.6298435,0.002907742280513048
cls_loss/train,7400,1782090225.0179756,0.002834464656189084
cls_loss/train,7500,1782090339.9320247,0.002820470603182912
cls_loss/train,7600,1782090451.9281466,0.0027350126765668392
cls_loss/train,7700,1782090564.276219,0.0026976545341312885
cls_loss/train,7800,1782090679.9364693,0.002455026376992464
cls_loss/train,7900,1782090792.4949791,0.0025660579558461905
cls_loss/train,8000,1782090904.8257377,0.0025422400794923306
cls_loss/train,8100,1782091020.0899603,0.002329091774299741
cls_loss/train,8200,1782091132.8878171,0.0024129131343215704
cls_loss/train,8300,1782091245.0228357,0.0024338760413229465
cls_loss/train,8400,1782091359.2476792,0.002405718667432666
cls_loss/train,8500,1782091472.1504052,0.0023867436684668064
cls_loss/train,8600,1782091584.669823,0.0023977691307663918
cls_loss/train,8700,1782091699.4127188,0.0022628726437687874
cls_loss/train,8800,1782091812.2615936,0.002350824885070324
cls_loss/train,8900,1782091924.9182465,0.00231639645062387
cls_loss/train,9000,1782092039.3980587,0.0022543370723724365
cls_loss/train,9100,1782092152.1915238,0.00217142584733665
cls_loss/train,9200,1782092264.7992904,0.0021042749285697937
cls_loss/train,9300,1782092644.4755552,0.002135414397343993
cls_loss/train,9400,1782092757.2684407,0.002201605821028352
cls_loss/train,9500,1782092870.459425,0.002226385520771146
cls_loss/train,9600,1782092985.5345929,0.001997485989704728
cls_loss/train,9700,1782093098.534342,0.0020978383254259825
cls_loss/train,9800,1782093210.8123343,0.002073518466204405
cls_loss/train,9900,1782093325.1424391,0.002121100900694728
cls_loss/train,10000,1782093437.4840283,0.002045497763901949
cls_loss/train,10100,1782093550.0199203,0.00199315557256341
cls_loss/train,10200,1782093664.698182,0.000908606976736337
cls_loss/train,10300,1782093777.4414978,0.002012180630117655
cls_loss/train,10400,1782093889.3431094,0.001906070625409484
cls_loss/train,10500,1782094001.4923596,0.0019104192033410072
cls_loss/train,10600,1782094115.7420232,0.001698214327916503
cls_loss/train,10700,1782094228.299764,0.0017799925990402699
cls_loss/train,10800,1782094340.8004391,0.0018173583084717393
cls_loss/train,10900,1782094455.9824107,0.0018365855794399977
cls_loss/train,11000,1782094568.7231593,0.0018211019923910499
cls_loss/train,11100,1782094680.7435782,0.0018050700891762972
cls_loss/train,11200,1782094795.3217263,0.001858784118667245
cls_loss/train,11300,1782094907.8601646,0.001834720023907721
cls_loss/train,11400,1782095019.8307197,0.0017564835725352168
cls_loss/train,11500,1782095134.5319488,0.0018500495934858918
cls_loss/train,11600,1782095246.7290902,0.001732942764647305
cls_loss/train,11700,1782095359.1146445,0.0017041896935552359
cls_loss/train,11800,1782095473.5362859,0.0015630287816748023
cls_loss/train,11900,1782095585.9488199,0.0016098719788715243
cls_loss/train,12000,1782095698.3591547,0.001590703846886754
cls_loss/train,12100,1782095812.930417,0.0016764416359364986
cls_loss/train,12200,1782095925.4962356,0.0015085353516042233
cls_loss/train,12300,1782096037.7503948,0.0015480939764529467
cls_loss/train,12400,1782096412.047707,0.0015821154229342937
cls_loss/train,12500,1782096524.2483249,0.001536983298137784
cls_loss/train,12600,1782096637.1457503,0.0015998032176867127
cls_loss/train,12700,1782096752.430332,0.0014060484245419502
cls_loss/train,12800,1782096865.5659835,0.001441128202714026
cls_loss/train,12900,1782096977.8362875,0.0015139569295570254
cls_loss/train,13000,1782097091.8471105,0.001427968731150031
cls_loss/train,13100,1782097204.132538,0.001410502940416336
cls_loss/train,13200,1782097316.3446035,0.001422333880327642
cls_loss/train,13300,1782097430.7452424,0.001898239366710186
cls_loss/train,13400,1782097542.9980748,0.001452333410270512
cls_loss/train,13500,1782097655.3283727,0.0014283900381997228
cls_loss/train,13600,1782097770.2385201,0.0013221034314483404
cls_loss/train,13700,1782097882.7570398,0.001395087456330657
cls_loss/train,13800,1782097995.3764632,0.0014119812985882163
cls_loss/train,13900,1782098107.559532,0.0013841501204296947
cls_loss/train,14000,1782098222.9517612,0.0013595627387985587
cls_loss/train,14100,1782098335.7018807,0.001327495090663433
cls_loss/train,14200,1782098448.0429037,0.0013624983839690685
cls_loss/train,14300,1782098562.4456954,0.0012468863278627396
cls_loss/train,14400,1782098675.2552257,0.0012346445582807064
cls_loss/train,14500,1782098787.613318,0.001255519688129425
cls_loss/train,14600,1782098901.6432655,0.0013011894188821316
cls_loss/train,14700,1782099014.7911184,0.0012522365432232618
cls_loss/train,14800,1782099127.345139,0.0012235901085659862
cls_loss/train,14900,1782099241.6121001,0.001307088416069746
cls_loss/train,15000,1782099353.4914474,0.0013323216699063778
cls_loss/train,15100,1782099466.0802503,0.0013063395163044333
cls_loss/train,15200,1782099580.802731,0.00116035807877779
cls_loss/train,15300,1782099693.3282113,0.0011704233475029469
cls_loss/train,15400,1782099806.2817638,0.001183168962597847
cls_loss/train,15500,1782100180.2423086,0.001231824397109449
cls_loss/train,15600,1782100292.5560515,0.001216463278979063
cls_loss/train,15700,1782100404.9137056,0.0011731138220056891
cls_loss/train,15800,1782100520.1145315,0.0012828701874241233
cls_loss/train,15900,1782100632.9887917,0.0011279807658866048
cls_loss/train,16000,1782100745.8573165,0.0011097850510850549
cls_loss/train,16100,1782100860.2220798,0.0011600431753322482
cls_loss/train,16200,1782100972.232746,0.0010816828580573201
cls_loss/train,16300,1782101084.9503164,0.0010827629594132304
cls_loss/train,16400,1782101199.7945867,0.0008294762228615582
cls_loss/train,16500,1782101312.1853533,0.0009569760295562446
cls_loss/train,16600,1782101424.851478,0.0010764406761154532
cls_loss/train,16700,1782101539.2740917,0.0011315910378471017
cls_loss/train,16800,1782101651.6899052,0.0010034204460680485
cls_loss/train,16900,1782101763.9569259,0.0010135301854461432
cls_loss/train,17000,1782101878.811265,0.0006980356411077082
cls_loss/train,17100,1782101991.3205018,0.0010403775377199054
cls_loss/train,17200,1782102103.3556507,0.0010076299076899886
cls_loss/train,17300,1782102215.5895247,0.0010242017451673746
cls_loss/train,17400,1782102329.9247227,0.0009468196076340973
cls_loss/train,17500,1782102442.2090228,0.0010055566672235727
cls_loss/train,17600,1782102555.19251,0.0009981724433600903
cls_loss/train,17700,1782102669.5775473,0.0010058365296572447
cls_loss/train,17800,1782102781.7532227,0.0009619637276045978
cls_loss/train,17900,1782102894.0842183,0.000948521017562598
cls_loss/train,18000,1782103008.7407815,0.0009163217036984861
cls_loss/train,18100,1782103120.7807798,0.0009144287323579192
cls_loss/train,18200,1782103233.4088147,0.0009096029680222273
cls_loss/train,18300,1782103347.6604795,0.0008202369208447635
cls_loss/train,18400,1782103460.2390206,0.0009176515741273761
cls_loss/train,18500,1782103572.6635616,0.0009374201763421297
cls_loss/train,18600,1782103945.6201959,0.0007527009001933038
cls_loss/train,18700,1782104057.857603,0.000862163258716464
cls_loss/train,18800,1782104170.139784,0.000869374256581068
cls_loss/train,18900,1782104284.3423111,0.0007957135094329715
cls_loss/train,19000,1782104397.8677976,0.0008388775167986751
cls_loss/train,19100,1782104511.115707,0.0008760901400819421
cls_loss/train,19200,1782104625.4593964,0.0008053748751990497
cls_loss/train,19300,1782104738.0532775,0.0008090215269476175
cls_loss/train,19400,1782104850.0501678,0.0008131572394631803
cls_loss/train,19500,1782104964.7133563,0.0007947140838950872
cls_loss/train,19600,1782105076.592449,0.0007893687579780817
cls_loss/train,19700,1782105188.7531006,0.0008210804080590606
cls_loss/train,19800,1782105303.7100618,0.0008383715758100152
cls_loss/train,19900,1782105416.0166814,0.0008509308099746704
cls_loss/train,20000,1782105528.1872852,0.0008705317741259933
cls_loss/train,20100,1782105643.1287265,0.0007703009760007262
cls_loss/train,20200,1782105755.7529867,0.0007971352897584438
cls_loss/train,20300,1782105868.2604203,0.0007855256553739309
cls_loss/train,20400,1782105982.5409007,0.0009161422494798899
cls_loss/train,20500,1782106094.806054,0.0007747036288492382
cls_loss/train,20600,1782106207.397834,0.000815051025711
cls_loss/train,20700,1782106319.7944944,0.0007893301662988961
cls_loss/train,20800,1782106434.4464676,0.0007410167017951608
cls_loss/train,20900,1782106546.9664197,0.0007463278016075492
cls_loss/train,21000,1782106659.2355285,0.0007433600258082151
cls_loss/train,21100,1782106773.8165712,0.0007518631173297763
cls_loss/train,21200,1782106885.797881,0.0007570289308205247
cls_loss/train,21300,1782106998.037457,0.0007525004912167788
cls_loss/train,21400,1782107112.6856399,0.0006709655281156301
cls_loss/train,21500,1782107224.83494,0.0006808614125475287
cls_loss/train,21600,1782107336.846181,0.000711018976289779
cls_loss/train,21700,1782107711.6540508,0.0006724288687109947
cls_loss/train,21800,1782107823.7785172,0.0006818526890128851
cls_loss/train,21900,1782107935.876193,0.0006938808364793658
cls_loss/train,22000,1782108050.1085217,0.0007036239258013666
cls_loss/train,22100,1782108162.2387345,0.0006921946769580245
cls_loss/train,22200,1782108275.008611,0.0006966310902498662
cls_loss/train,22300,1782108390.0404565,0.0006501065217889845
cls_loss/train,22400,1782108502.9291372,0.0006721940007992089
cls_loss/train,22500,1782108614.9707649,0.0006938197184354067
cls_loss/train,22600,1782108729.726154,0.0006349241593852639
cls_loss/train,22700,1782108842.1397026,0.0006778687820769846
cls_loss/train,22800,1782108954.2479742,0.000661208585370332
cls_loss/train,22900,1782109068.7126136,0.0007106217672117054
cls_loss/train,23000,1782109180.574815,0.0007096416666172445
cls_loss/train,23100,1782109292.7836866,0.0006790471961721778
cls_loss/train,23200,1782109407.3547654,0.0006327396258711815
cls_loss/train,23300,1782109519.9239264,0.0006513642729260027
cls_loss/train,23400,1782109631.8974094,0.0006405713502317667
cls_loss/train,23500,1782109746.5234425,0.000591666903346777
cls_loss/train,23600,1782109859.1868234,0.0006033717654645443
cls_loss/train,23700,1782109971.603234,0.0006255640764720738
cls_loss/train,23800,1782110086.035001,0.0006173664005473256
cls_loss/train,23900,1782110198.9461193,0.0006463743047788739
cls_loss/train,24000,1782110310.7601445,0.0006102456827647984
cls_loss/train,24100,1782110422.858261,0.0006162946810945868
cls_loss/train,24200,1782110537.3670325,0.0007025132072158158
cls_loss/train,24300,1782110649.3821297,0.0006312808254733682
cls_loss/train,24400,1782110761.1240256,0.0006144041544757783
cls_loss/train,24500,1782110875.491734,0.0005834168405272067
cls_loss/train,24600,1782110988.065286,0.0005995077081024647
cls_loss/train,24700,1782111099.983822,0.0006107877125032246
cls_loss/train,24800,1782111473.9882953,0.0005779440398328006
cls_loss/train,24900,1782111586.0809174,0.0005776500911451876
cls_loss/train,25000,1782111698.4200456,0.0005836678319610655
cls_loss/train,25100,1782111812.6454144,0.0005189480143599212
cls_loss/train,25200,1782111925.205054,0.0005308499676175416
cls_loss/train,25300,1782112037.670113,0.0005552973598241806
cls_loss/train,25400,1782112152.2782156,0.0005498994141817093
cls_loss/train,25500,1782112265.1732543,0.0005755502497777343
cls_loss/train,25600,1782112377.511941,0.0005659706075675786
cls_loss/train,25700,1782112491.7167857,0.0005878598312847316
cls_loss/train,25800,1782112603.7093382,0.0005761347711086273
cls_loss/train,25900,1782112716.165642,0.0005591691005975008
cls_loss/train,26000,1782112830.6326451,0.0005493185017257929
cls_loss/train,26100,1782112943.025708,0.0005395538755692542
cls_loss/train,26200,1782113054.929046,0.0005338577902875841
cls_loss/train,26300,1782113169.3363218,0.0005188971408642828
cls_loss/train,26400,1782113281.8989985,0.000544663576874882
cls_loss/train,26500,1782113394.624604,0.0005420141387730837
cls_loss/train,26600,1782113509.104911,0.0006064294138923287
cls_loss/train,26700,1782113621.402449,0.0005453439080156386
cls_loss/train,26800,1782113733.8332074,0.0005410290905274451
cls_loss/train,26900,1782113848.3626173,0.0005307625979185104
cls_loss/train,27000,1782113960.5774431,0.0005288275424391031
cls_loss/train,27100,1782114073.206636,0.0005450635217130184
cls_loss/train,27200,1782114187.2336473,0.0007270402275025845
cls_loss/train,27300,1782114299.3191345,0.0005516854580491781
cls_loss/train,27400,1782114411.7463095,0.000516507716383785
cls_loss/train,27500,1782114523.883248,0.0005389865254983306
cls_loss/train,27600,1782114638.9575357,0.0005240785540081561
cls_loss/train,27700,1782114751.1549757,0.0005052989581599832
cls_loss/train,27800,1782114863.682542,0.0005019137752242386
cls_loss/train,27900,1782115237.2668507,0.0004812906845472753
cls_loss/train,28000,1782115349.4882364,0.0004864758811891079
cls_loss/train,28100,1782115461.8803787,0.0004915116005577147
cls_loss/train,28200,1782115576.8955915,0.0005068332538940012
cls_loss/train,28300,1782115689.6114204,0.0004920860519632697
cls_loss/train,28400,1782115802.4248834,0.0004933663294650614
cls_loss/train,28500,1782115917.6796958,0.00048171242815442383
cls_loss/train,28600,1782116031.2027252,0.00047737648128531873
cls_loss/train,28700,1782116144.1505,0.0004807925142813474
cls_loss/train,28800,1782116258.9823816,0.0005073068314231932
cls_loss/train,28900,1782116371.8731318,0.0005213604890741408
cls_loss/train,29000,1782116484.5174546,0.0004929079441353679
cls_loss/train,29100,1782116598.8096678,0.0004902493092231452
cls_loss/train,29200,1782116711.660056,0.0004928609123453498
cls_loss/train,29300,1782116824.322791,0.0004906530375592411
cls_loss/train,29400,1782116939.4331934,0.00043178690248169005
cls_loss/train,29500,1782117051.9793813,0.00046098779421299696
cls_loss/train,29600,1782117164.463088,0.00046403033775277436
cls_loss/train,29700,1782117279.1054585,0.00042953158845193684
cls_loss/train,29800,1782117391.660767,0.0004518833593465388
cls_loss/train,29900,1782117504.1165779,0.0004555571940727532
cls_loss/train,30000,1782117619.0577118,0.0004879804910160601
cls_loss/train,30100,1782117731.4117453,0.0004626559966709465
cls_loss/train,30200,1782117844.274033,0.00047632594942115247
cls_loss/train,30300,1782117959.5369513,0.0005015783244743943
cls_loss/train,30400,1782118072.4126205,0.000466413184767589
cls_loss/train,30500,1782118184.6451852,0.0004613986820913851
cls_loss/train,30600,1782118299.3675997,0.0005847525899298489
cls_loss/train,30700,1782118411.7808332,0.0004204191791359335
cls_loss/train,30800,1782118524.4263902,0.00042567113996483386
cls_loss/train,30900,1782118636.9945784,0.0004435859445948154
cls_loss/train,31000,1782119014.680503,0.00048175998381339014
cls_loss/train,31100,1782119127.5919495,0.00046640410437248647
cls_loss/train,31200,1782119240.0044074,0.00046292171464301646
cls_loss/train,31300,1782119354.736548,0.00045114546082913876
cls_loss/train,31400,1782119467.5386527,0.000442669348558411
cls_loss/train,31500,1782119579.9686472,0.00043755071237683296
cls_loss/train,31600,1782119694.5879943,0.0004573934420477599
cls_loss/train,31700,1782119807.6548905,0.0004348159418441355
cls_loss/train,31800,1782119921.0600672,0.0004280266584828496
cls_loss/train,31900,1782120036.118616,0.00043959321919828653
cls_loss/train,32000,1782120148.5117319,0.00042445672443136573
cls_loss/train,32100,1782120261.5062046,0.0004252252692822367
cls_loss/train,32200,1782120375.989754,0.00041211763164028525
cls_loss/train,32300,1782120488.4368129,0.00042308762203902006
cls_loss/train,32400,1782120600.7342672,0.00042395899072289467
cls_loss/train,32500,1782120715.4400182,0.00040603074012324214
cls_loss/train,32600,1782120828.1882157,0.0004192116903141141
cls_loss/train,32700,1782120940.8253686,0.0004283634771127254
cls_loss/train,32800,1782121055.6287637,0.0004258503031451255
cls_loss/train,32900,1782121168.4997573,0.00043141230707988143
cls_loss/train,33000,1782121280.7332895,0.00043663644464686513
cls_loss/train,33100,1782121396.0582902,0.0004548683064058423
cls_loss/train,33200,1782121508.343421,0.0004473766894079745
cls_loss/train,33300,1782121620.3399754,0.00042972684605047107
cls_loss/train,33400,1782121735.6113667,0.0004959367215633392
cls_loss/train,33500,1782121848.1188715,0.0004263106966391206
cls_loss/train,33600,1782121960.4261265,0.0004244193260092288
cls_loss/train,33700,1782122074.824009,0.0003447234339546412
cls_loss/train,33800,1782122187.5274568,0.00039191625546664
cls_loss/train,33900,1782122299.894185,0.0004070684080943465
cls_loss/train,34000,1782122678.5604868,0.00034561922075226903
cls_loss/train,34100,1782122790.982897,0.0004267682379577309
cls_loss/train,34200,1782122904.1282651,0.0004167394363321364
cls_loss/train,34300,1782123019.1746767,0.0003207963309250772
cls_loss/train,34400,1782123131.693453,0.0004228514153510332
cls_loss/train,34500,1782123244.1186075,0.0004031307471450418
cls_loss/train,34600,1782123357.1132326,0.0004031200078316033
cls_loss/train,34700,1782123471.2018359,0.0003676480846479535
cls_loss/train,34800,1782123584.4635315,0.00037615353357978165
cls_loss/train,34900,1782123698.448361,0.0004038086044602096
cls_loss/train,35000,1782123813.3775673,0.0003992367419414222
cls_loss/train,35100,1782123925.7327268,0.0004037638136651367
cls_loss/train,35200,1782124038.395219,0.0004105711414013058
cls_loss/train,35300,1782124153.2902665,0.000407720566727221
cls_loss/train,35400,1782124265.9124098,0.0004066050751134753
cls_loss/train,35500,1782124378.6287918,0.00041178992250934243
cls_loss/train,35600,1782124493.2352264,0.0003806846507359296
cls_loss/train,35700,1782124606.4299726,0.00038753703120164573
cls_loss/train,35800,1782124719.2114143,0.000393919472116977
cls_loss/train,35900,1782124833.8021166,0.00037032386171631515
cls_loss/train,36000,1782124946.0895727,0.00038488907739520073
cls_loss/train,36100,1782125058.4081318,0.00039238337194547057
cls_loss/train,36200,1782125173.3016682,0.0004059124330524355
cls_loss/train,36300,1782125285.5969636,0.0004119510413147509
cls_loss/train,36400,1782125397.9869158,0.00040166248800233006
cls_loss/train,36500,1782125512.6342442,0.0003541309561114758
cls_loss/train,36600,1782125625.4694386,0.00038805700023658574
cls_loss/train,36700,1782125738.0331743,0.0003815368690993637
cls_loss/train,36800,1782125852.7756782,0.00047071397420950234
cls_loss/train,36900,1782125965.1908922,0.00041219108970835805
cls_loss/train,37000,1782126077.5324905,0.0004031368298456073
reg_loss/train,100,1782081374.9206655,3.113213062286377
reg_loss/train,200,1782081489.0018513,2.8022313117980957
reg_loss/train,300,1782081602.293878,2.6032121181488037
reg_loss/train,400,1782081717.657001,2.049663782119751
reg_loss/train,500,1782081831.3503811,1.9931238889694214
reg_loss/train,600,1782081944.6817222,1.9552594423294067
reg_loss/train,700,1782082060.1072168,1.7943511009216309
reg_loss/train,800,1782082174.212992,1.7630363702774048
reg_loss/train,900,1782082288.1123912,1.7416068315505981
reg_loss/train,1000,1782082404.340186,1.6462279558181763
reg_loss/train,1100,1782082518.4049404,1.6222972869873047
reg_loss/train,1200,1782082632.4066007,1.6078704595565796
reg_loss/train,1300,1782082748.2963417,1.540930986404419
reg_loss/train,1400,1782082862.4128368,1.5363693237304688
reg_loss/train,1500,1782082976.2557442,1.5265051126480103
reg_loss/train,1600,1782083092.3295376,1.4550034999847412
reg_loss/train,1700,1782083205.7002783,1.4631513357162476
reg_loss/train,1800,1782083320.0142264,1.4476011991500854
reg_loss/train,1900,1782083436.0885065,1.3986308574676514
reg_loss/train,2000,1782083550.0400298,1.3920449018478394
reg_loss/train,2100,1782083664.2330751,1.3841418027877808
reg_loss/train,2200,1782083780.6050591,1.341968059539795
reg_loss/train,2300,1782083894.7070992,1.3390241861343384
reg_loss/train,2400,1782084009.1256492,1.3388793468475342
reg_loss/train,2500,1782084125.2663815,1.302935242652893
reg_loss/train,2600,1782084239.1154659,1.2932605743408203
reg_loss/train,2700,1782084353.3167505,1.2973897457122803
reg_loss/train,2800,1782084468.8837802,1.271484375
reg_loss/train,2900,1782084582.7828295,1.2734178304672241
reg_loss/train,3000,1782084696.8650565,1.2674018144607544
reg_loss/train,3100,1782085089.55695,1.2210214138031006
reg_loss/train,3200,1782085202.9865835,1.233984351158142
reg_loss/train,3300,1782085315.8331425,1.23134446144104
reg_loss/train,3400,1782085430.3239233,1.21052086353302
reg_loss/train,3500,1782085543.0307646,1.2136036157608032
reg_loss/train,3600,1782085655.7053115,1.2106741666793823
reg_loss/train,3700,1782085768.4944644,1.2064772844314575
reg_loss/train,3800,1782085883.2533913,1.191056728363037
reg_loss/train,3900,1782085995.9031098,1.1920024156570435
reg_loss/train,4000,1782086108.337485,1.1897176504135132
reg_loss/train,4100,1782086222.9960794,1.1699696779251099
reg_loss/train,4200,1782086335.753291,1.1716413497924805
reg_loss/train,4300,1782086448.4011621,1.1657443046569824
reg_loss/train,4400,1782086563.0509753,1.1606965065002441
reg_loss/train,4500,1782086675.4480126,1.1552273035049438
reg_loss/train,4600,1782086788.0798674,1.1483519077301025
reg_loss/train,4700,1782086903.5210712,1.1289831399917603
reg_loss/train,4800,1782087015.8468087,1.123245120048523
reg_loss/train,4900,1782087128.718915,1.1240383386611938
reg_loss/train,5000,1782087243.186779,1.115713119506836
reg_loss/train,5100,1782087355.617278,1.1141690015792847
reg_loss/train,5200,1782087468.3505785,1.1114791631698608
reg_loss/train,5300,1782087582.457412,1.0885018110275269
reg_loss/train,5400,1782087694.759743,1.098971962928772
reg_loss/train,5500,1782087807.4143739,1.0954763889312744
reg_loss/train,5600,1782087922.553928,1.0860284566879272
reg_loss/train,5700,1782088035.154166,1.0848665237426758
reg_loss/train,5800,1782088147.7098534,1.0846693515777588
reg_loss/train,5900,1782088262.6275165,1.0714199542999268
reg_loss/train,6000,1782088375.143419,1.0683488845825195
reg_loss/train,6100,1782088487.3492584,1.0674110651016235
reg_loss/train,6200,1782088866.7056348,1.067272424697876
reg_loss/train,6300,1782088979.892849,1.056192398071289
reg_loss/train,6400,1782089093.3364182,1.057108759880066
reg_loss/train,6500,1782089208.0278878,1.0376359224319458
reg_loss/train,6600,1782089320.6013303,1.0464441776275635
reg_loss/train,6700,1782089432.7610312,1.0448631048202515
reg_loss/train,6800,1782089547.598114,1.0508809089660645
reg_loss/train,6900,1782089660.1463768,1.0357798337936401
reg_loss/train,7000,1782089772.4375978,1.0357543230056763
reg_loss/train,7100,1782089885.4029646,1.0361709594726562
reg_loss/train,7200,1782089999.9604177,1.0291272401809692
reg_loss/train,7300,1782090112.629886,1.0282756090164185
reg_loss/train,7400,1782090225.0180209,1.027494192123413
reg_loss/train,7500,1782090339.9320703,1.0176876783370972
reg_loss/train,7600,1782090451.9281905,1.0167816877365112
reg_loss/train,7700,1782090564.2762618,1.0175803899765015
reg_loss/train,7800,1782090679.9365156,1.0059586763381958
reg_loss/train,7900,1782090792.4950233,1.0035524368286133
reg_loss/train,8000,1782090904.8257818,1.006456732749939
reg_loss/train,8100,1782091020.0900078,0.9996752738952637
reg_loss/train,8200,1782091132.88786,0.9954663515090942
reg_loss/train,8300,1782091245.0228784,0.9953756332397461
reg_loss/train,8400,1782091359.2477248,0.9925755262374878
reg_loss/train,8500,1782091472.1504502,0.9921565651893616
reg_loss/train,8600,1782091584.669869,0.992054283618927
reg_loss/train,8700,1782091699.4127665,0.977824866771698
reg_loss/train,8800,1782091812.2616355,0.9891883730888367
reg_loss/train,8900,1782091924.9182885,0.9836550951004028
reg_loss/train,9000,1782092039.398106,0.9710134267807007
reg_loss/train,9100,1782092152.1915674,0.9731043577194214
reg_loss/train,9200,1782092264.7993338,0.9718443155288696
reg_loss/train,9300,1782092644.4756017,0.9585028886795044
reg_loss/train,9400,1782092757.268484,0.9617438912391663
reg_loss/train,9500,1782092870.4594681,0.9673898816108704
reg_loss/train,9600,1782092985.53464,0.9495314955711365
reg_loss/train,9700,1782093098.5343862,0.9562375545501709
reg_loss/train,9800,1782093210.8123775,0.9588882923126221
reg_loss/train,9900,1782093325.142487,0.9559934735298157
reg_loss/train,10000,1782093437.4840724,0.9536277055740356
reg_loss/train,10100,1782093550.019965,0.9516202807426453
reg_loss/train,10200,1782093664.6982307,0.8991917967796326
reg_loss/train,10300,1782093777.4415429,0.9474234580993652
reg_loss/train,10400,1782093889.3431537,0.9435464143753052
reg_loss/train,10500,1782094001.4924042,0.9445677995681763
reg_loss/train,10600,1782094115.7420695,0.9424471259117126
reg_loss/train,10700,1782094228.2998078,0.9395903944969177
reg_loss/train,10800,1782094340.8004813,0.9405379295349121
reg_loss/train,10900,1782094455.9824638,0.9320537447929382
reg_loss/train,11000,1782094568.7232013,0.9333962202072144
reg_loss/train,11100,1782094680.7436254,0.9315986633300781
reg_loss/train,11200,1782094795.3217738,0.9299120903015137
reg_loss/train,11300,1782094907.8602073,0.9283339977264404
reg_loss/train,11400,1782095019.8307652,0.926620602607727
reg_loss/train,11500,1782095134.5319965,0.9228728413581848
reg_loss/train,11600,1782095246.7291355,0.9253678917884827
reg_loss/train,11700,1782095359.1146889,0.9235652685165405
reg_loss/train,11800,1782095473.536333,0.9124251008033752
reg_loss/train,11900,1782095585.9488642,0.9165298938751221
reg_loss/train,12000,1782095698.3592014,0.9144783616065979
reg_loss/train,12100,1782095812.9304647,0.9062096476554871
reg_loss/train,12200,1782095925.4962778,0.9071866869926453
reg_loss/train,12300,1782096037.7504382,0.9073989987373352
reg_loss/train,12400,1782096412.0477538,0.9037803411483765
reg_loss/train,12500,1782096524.2483687,0.9033694863319397
reg_loss/train,12600,1782096637.1457944,0.902377724647522
reg_loss/train,12700,1782096752.4303796,0.899921715259552
reg_loss/train,12800,1782096865.5660303,0.9000808000564575
reg_loss/train,12900,1782096977.8363297,0.900284469127655
reg_loss/train,13000,1782097091.8471575,0.8906868696212769
reg_loss/train,13100,1782097204.1325831,0.8972113728523254
reg_loss/train,13200,1782097316.34465,0.8946383595466614
reg_loss/train,13300,1782097430.7452989,0.8920037746429443
reg_loss/train,13400,1782097542.998117,0.8856905698776245
reg_loss/train,13500,1782097655.3284173,0.8860733509063721
reg_loss/train,13600,1782097770.238566,0.8679289817810059
reg_loss/train,13700,1782097882.7570846,0.8847798705101013
reg_loss/train,13800,1782097995.3765094,0.883280336856842
reg_loss/train,13900,1782098107.5595746,0.8816911578178406
reg_loss/train,14000,1782098222.9518082,0.8764308094978333
reg_loss/train,14100,1782098335.7019281,0.8741603493690491
reg_loss/train,14200,1782098448.042946,0.8755660057067871
reg_loss/train,14300,1782098562.445741,0.8763588666915894
reg_loss/train,14400,1782098675.2552695,0.871345579624176
reg_loss/train,14500,1782098787.613364,0.870622992515564
reg_loss/train,14600,1782098901.6433134,0.8637726306915283
reg_loss/train,14700,1782099014.791164,0.8656607270240784
reg_loss/train,14800,1782099127.3451824,0.8662957549095154
reg_loss/train,14900,1782099241.6121478,0.8614370822906494
reg_loss/train,15000,1782099353.4914906,0.8601747155189514
reg_loss/train,15100,1782099466.0802963,0.8614746332168579
reg_loss/train,15200,1782099580.802778,0.8460500240325928
reg_loss/train,15300,1782099693.3282557,0.8559103012084961
reg_loss/train,15400,1782099806.2818077,0.85611891746521
reg_loss/train,15500,1782100180.2423587,0.8542784452438354
reg_loss/train,15600,1782100292.556095,0.8546093106269836
reg_loss/train,15700,1782100404.9137495,0.8541316390037537
reg_loss/train,15800,1782100520.1145797,0.8532362580299377
reg_loss/train,15900,1782100632.9888365,0.8557671308517456
reg_loss/train,16000,1782100745.8573616,0.8514701724052429
reg_loss/train,16100,1782100860.2221284,0.8382270336151123
reg_loss/train,16200,1782100972.2327895,0.847361147403717
reg_loss/train,16300,1782101084.9503593,0.8450049757957458
reg_loss/train,16400,1782101199.7946336,0.8467957973480225
reg_loss/train,16500,1782101312.1853983,0.8395987749099731
reg_loss/train,16600,1782101424.8515224,0.8403255939483643
reg_loss/train,16700,1782101539.2741392,0.836721658706665
reg_loss/train,16800,1782101651.6899493,0.8349905014038086
reg_loss/train,16900,1782101763.9569705,0.836867094039917
reg_loss/train,17000,1782101878.8113127,0.8574787974357605
reg_loss/train,17100,1782101991.3205454,0.8311874270439148
reg_loss/train,17200,1782102103.3556912,0.83289635181427
reg_loss/train,17300,1782102215.5895698,0.8313928842544556
reg_loss/train,17400,1782102329.9247687,0.830949604511261
reg_loss/train,17500,1782102442.2090673,0.8295703530311584
reg_loss/train,17600,1782102555.192554,0.8296374678611755
reg_loss/train,17700,1782102669.577593,0.8250917196273804
reg_loss/train,17800,1782102781.7532752,0.8241108655929565
reg_loss/train,17900,1782102894.0842621,0.8231109976768494
reg_loss/train,18000,1782103008.740829,0.821829617023468
reg_loss/train,18100,1782103120.7808223,0.8220892548561096
reg_loss/train,18200,1782103233.4088593,0.8204168677330017
reg_loss/train,18300,1782103347.6605253,0.8145900368690491
reg_loss/train,18400,1782103460.2390647,0.8151319026947021
reg_loss/train,18500,1782103572.6636052,0.8159341812133789
reg_loss/train,18600,1782103945.6202438,0.8138588070869446
reg_loss/train,18700,1782104057.8576481,0.8133431077003479
reg_loss/train,18800,1782104170.1398363,0.8123962879180908
reg_loss/train,18900,1782104284.3423572,0.8094444274902344
reg_loss/train,19000,1782104397.8678591,0.8095710873603821
reg_loss/train,19100,1782104511.1157496,0.8073196411132812
reg_loss/train,19200,1782104625.4594438,0.8095159530639648
reg_loss/train,19300,1782104738.0533228,0.806228756904602
reg_loss/train,19400,1782104850.0502102,0.8058486580848694
reg_loss/train,19500,1782104964.7134066,0.7979445457458496
reg_loss/train,19600,1782105076.5924928,0.8012210130691528
reg_loss/train,19700,1782105188.7531443,0.8017777800559998
reg_loss/train,19800,1782105303.7101107,0.7971288561820984
reg_loss/train,19900,1782105416.0167255,0.7991613745689392
reg_loss/train,20000,1782105528.187328,0.7996272444725037
reg_loss/train,20100,1782105643.1287737,0.7995086908340454
reg_loss/train,20200,1782105755.7530298,0.7960634827613831
reg_loss/train,20300,1782105868.2604651,0.7960910797119141
reg_loss/train,20400,1782105982.5409465,0.8216997385025024
reg_loss/train,20500,1782106094.8060994,0.7948063611984253
reg_loss/train,20600,1782106207.3978755,0.7919109463691711
reg_loss/train,20700,1782106319.794538,0.7916941046714783
reg_loss/train,20800,1782106434.4465146,0.7853999137878418
reg_loss/train,20900,1782106546.9664636,0.7868172526359558
reg_loss/train,21000,1782106659.2355714,0.788851261138916
reg_loss/train,21100,1782106773.8166192,0.7864406704902649
reg_loss/train,21200,1782106885.7979252,0.7846982479095459
reg_loss/train,21300,1782106998.0375,0.785626232624054
reg_loss/train,21400,1782107112.6856847,0.782831072807312
reg_loss/train,21500,1782107224.8349812,0.7823142409324646
reg_loss/train,21600,1782107336.8462226,0.7811784148216248
reg_loss/train,21700,1782107711.6540973,0.7761354446411133
reg_loss/train,21800,1782107823.7785635,0.7783198356628418
reg_loss/train,21900,1782107935.8762345,0.7777732610702515
reg_loss/train,22000,1782108050.108568,0.7820361256599426
reg_loss/train,22100,1782108162.2387772,0.7806968688964844
reg_loss/train,22200,1782108275.0086546,0.7750917673110962
reg_loss/train,22300,1782108390.0405025,0.7766882181167603
reg_loss/train,22400,1782108502.9291797,0.7756304144859314
reg_loss/train,22500,1782108614.9708068,0.7738338112831116
reg_loss/train,22600,1782108729.7261999,0.7713850736618042
reg_loss/train,22700,1782108842.1397479,0.7752524614334106
reg_loss/train,22800,1782108954.2480173,0.7718081474304199
reg_loss/train,22900,1782109068.7126596,0.7717626094818115
reg_loss/train,23000,1782109180.5748596,0.7658863663673401
reg_loss/train,23100,1782109292.7837305,0.7667999267578125
reg_loss/train,23200,1782109407.354813,0.7692578434944153
reg_loss/train,23300,1782109519.9239705,0.7651341557502747
reg_loss/train,23400,1782109631.897452,0.7636456489562988
reg_loss/train,23500,1782109746.5234897,0.7606518268585205
reg_loss/train,23600,1782109859.186867,0.7583987712860107
reg_loss/train,23700,1782109971.6032777,0.7617234587669373
reg_loss/train,23800,1782110086.035049,0.7591339945793152
reg_loss/train,23900,1782110198.9461617,0.760286271572113
reg_loss/train,24000,1782110310.760187,0.7605377435684204
reg_loss/train,24100,1782110422.858303,0.7600160837173462
reg_loss/train,24200,1782110537.367079,0.7567283511161804
reg_loss/train,24300,1782110649.3821719,0.7582225799560547
reg_loss/train,24400,1782110761.1240675,0.7580292224884033
reg_loss/train,24500,1782110875.4917805,0.7477903962135315
reg_loss/train,24600,1782110988.06533,0.7535405158996582
reg_loss/train,24700,1782111099.9838648,0.7544765472412109
reg_loss/train,24800,1782111473.988343,0.7588489055633545
reg_loss/train,24900,1782111586.0809598,0.7544928193092346
reg_loss/train,25000,1782111698.420092,0.7532111406326294
reg_loss/train,25100,1782111812.645462,0.7478237748146057
reg_loss/train,25200,1782111925.2050984,0.752159059047699
reg_loss/train,25300,1782112037.670155,0.7512357831001282
reg_loss/train,25400,1782112152.278262,0.754463255405426
reg_loss/train,25500,1782112265.1732996,0.7471432685852051
reg_loss/train,25600,1782112377.5119843,0.7467895150184631
reg_loss/train,25700,1782112491.7168329,0.7459996938705444
reg_loss/train,25800,1782112603.7093816,0.7475950121879578
reg_loss/train,25900,1782112716.165683,0.746246874332428
reg_loss/train,26000,1782112830.6327047,0.7424921989440918
reg_loss/train,26100,1782112943.0257514,0.7438253164291382
reg_loss/train,26200,1782113054.9290876,0.7437868118286133
reg_loss/train,26300,1782113169.336368,0.7401325702667236
reg_loss/train,26400,1782113281.8990455,0.7456066012382507
reg_loss/train,26500,1782113394.624648,0.7442352175712585
reg_loss/train,26600,1782113509.1049576,0.7288415431976318
reg_loss/train,26700,1782113621.4024932,0.7390530109405518
reg_loss/train,26800,1782113733.8332582,0.7395778298377991
reg_loss/train,26900,1782113848.362664,0.7386525869369507
reg_loss/train,27000,1782113960.5774856,0.7380613088607788
reg_loss/train,27100,1782114073.2066808,0.7379730343818665
reg_loss/train,27200,1782114187.2336924,0.7415465712547302
reg_loss/train,27300,1782114299.3191772,0.7377981543540955
reg_loss/train,27400,1782114411.746353,0.7362380027770996
reg_loss/train,27500,1782114523.8832903,0.7357491254806519
reg_loss/train,27600,1782114638.9575844,0.7312192320823669
reg_loss/train,27700,1782114751.1550198,0.7341065406799316
reg_loss/train,27800,1782114863.682587,0.7343869805335999
reg_loss/train,27900,1782115237.2669048,0.7303297519683838
reg_loss/train,28000,1782115349.4882793,0.733069121837616
reg_loss/train,28100,1782115461.880421,0.7325906157493591
reg_loss/train,28200,1782115576.8956468,0.7299163937568665
reg_loss/train,28300,1782115689.6114652,0.7310133576393127
reg_loss/train,28400,1782115802.4249272,0.7295717000961304
reg_loss/train,28500,1782115917.6797428,0.7310647368431091
reg_loss/train,28600,1782116031.2027674,0.7314386367797852
reg_loss/train,28700,1782116144.150544,0.7301483750343323
reg_loss/train,28800,1782116258.9824293,0.7272612452507019
reg_loss/train,28900,1782116371.8731759,0.7250284552574158
reg_loss/train,29000,1782116484.5174987,0.7276095151901245
reg_loss/train,29100,1782116598.809716,0.7218101620674133
reg_loss/train,29200,1782116711.6600997,0.7264909148216248
reg_loss/train,29300,1782116824.3228345,0.726146936416626
reg_loss/train,29400,1782116939.433242,0.7229440808296204
reg_loss/train,29500,1782117051.9794283,0.72352534532547
reg_loss/train,29600,1782117164.4631333,0.7234848737716675
reg_loss/train,29700,1782117279.1055064,0.7190359830856323
reg_loss/train,29800,1782117391.6608112,0.7225861549377441
reg_loss/train,29900,1782117504.1166205,0.7217372059822083
reg_loss/train,30000,1782117619.057761,0.7223977446556091
reg_loss/train,30100,1782117731.4117894,0.7260469198226929
reg_loss/train,30200,1782117844.2740746,0.7235122323036194
reg_loss/train,30300,1782117959.5370002,0.7111750841140747
reg_loss/train,30400,1782118072.412665,0.7210171222686768
reg_loss/train,30500,1782118184.6452277,0.7217618227005005
reg_loss/train,30600,1782118299.367646,0.7162861227989197
reg_loss/train,30700,1782118411.7808776,0.7199525833129883
reg_loss/train,30800,1782118524.426433,0.7205384969711304
reg_loss/train,30900,1782118636.9946203,0.7194653749465942
reg_loss/train,31000,1782119014.68055,0.7178164124488831
reg_loss/train,31100,1782119127.5919921,0.7217496633529663
reg_loss/train,31200,1782119240.0044496,0.7185771465301514
reg_loss/train,31300,1782119354.7365952,0.7127348184585571
reg_loss/train,31400,1782119467.538696,0.7158744931221008
reg_loss/train,31500,1782119579.9686906,0.7168724536895752
reg_loss/train,31600,1782119694.5880406,0.7110686302185059
reg_loss/train,31700,1782119807.6549377,0.7170378565788269
reg_loss/train,31800,1782119921.0601096,0.7164619565010071
reg_loss/train,31900,1782120036.1186616,0.7129406929016113
reg_loss/train,32000,1782120148.5117764,0.7161803245544434
reg_loss/train,32100,1782120261.5062485,0.7153663635253906
reg_loss/train,32200,1782120375.9897997,0.7142090797424316
reg_loss/train,32300,1782120488.4368565,0.7145245671272278
reg_loss/train,32400,1782120600.7343087,0.7139395475387573
reg_loss/train,32500,1782120715.4400642,0.7143891453742981
reg_loss/train,32600,1782120828.188263,0.7142492532730103
reg_loss/train,32700,1782120940.825414,0.7141953706741333
reg_loss/train,32800,1782121055.6288116,0.7182676792144775
reg_loss/train,32900,1782121168.499803,0.7140464186668396
reg_loss/train,33000,1782121280.7333496,0.7147251963615417
reg_loss/train,33100,1782121396.0583394,0.7106640338897705
reg_loss/train,33200,1782121508.3434641,0.7124558687210083
reg_loss/train,33300,1782121620.3400187,0.7125341892242432
reg_loss/train,33400,1782121735.6114137,0.7163885831832886
reg_loss/train,33500,1782121848.1189141,0.7114503979682922
reg_loss/train,33600,1782121960.4261723,0.7116898894309998
reg_loss/train,33700,1782122074.824055,0.7226890325546265
reg_loss/train,33800,1782122187.5274994,0.7134099006652832
reg_loss/train,33900,1782122299.894228,0.7111882567405701
reg_loss/train,34000,1782122678.560536,0.7141172885894775
reg_loss/train,34100,1782122790.9829416,0.7089665532112122
reg_loss/train,34200,1782122904.1283097,0.7083864212036133
reg_loss/train,34300,1782123019.1747222,0.6981040835380554
reg_loss/train,34400,1782123131.6934955,0.7068342566490173
reg_loss/train,34500,1782123244.1186495,0.7087545394897461
reg_loss/train,34600,1782123357.1132865,0.7093364000320435
reg_loss/train,34700,1782123471.2018812,0.7120705246925354
reg_loss/train,34800,1782123584.4635763,0.710267186164856
reg_loss/train,34900,1782123698.448411,0.709496796131134
reg_loss/train,35000,1782123813.3776128,0.7110704779624939
reg_loss/train,35100,1782123925.7327695,0.7090393304824829
reg_loss/train,35200,1782124038.3952632,0.7092429995536804
reg_loss/train,35300,1782124153.2903147,0.7065294981002808
reg_loss/train,35400,1782124265.9124541,0.7070907354354858
reg_loss/train,35500,1782124378.6288335,0.7072234153747559
reg_loss/train,35600,1782124493.235274,0.708136260509491
reg_loss/train,35700,1782124606.430015,0.7061214447021484
reg_loss/train,35800,1782124719.21146,0.7079127430915833
reg_loss/train,35900,1782124833.8021655,0.7091959118843079
reg_loss/train,36000,1782124946.0896146,0.707423985004425
reg_loss/train,36100,1782125058.4081736,0.707226037979126
reg_loss/train,36200,1782125173.3017151,0.7000353932380676
reg_loss/train,36300,1782125285.5970054,0.7055854797363281
reg_loss/train,36400,1782125397.9869573,0.7060962915420532
reg_loss/train,36500,1782125512.6342924,0.7099446058273315
reg_loss/train,36600,1782125625.469485,0.7093314528465271
reg_loss/train,36700,1782125738.033221,0.7078280448913574
reg_loss/train,36800,1782125852.7757246,0.7076936960220337
reg_loss/train,36900,1782125965.190935,0.7080016136169434
reg_loss/train,37000,1782126077.532533,0.7072708606719971
total_loss/train,100,1782081374.9207,1.2288987636566162
total_loss/train,200,1782081489.001888,1.077392816543579
total_loss/train,300,1782081602.29391,0.9844174385070801
total_loss/train,400,1782081717.6570768,0.7327068448066711
total_loss/train,500,1782081831.3504136,0.713951826095581
total_loss/train,600,1782081944.6817536,0.6961292028427124
total_loss/train,700,1782082060.1072497,0.6205551624298096
total_loss/train,800,1782082174.21303,0.6010131239891052
total_loss/train,900,1782082288.112424,0.5891115665435791
total_loss/train,1000,1782082404.3402197,0.5491605401039124
total_loss/train,1100,1782082518.4049842,0.5324365496635437
total_loss/train,1200,1782082632.4066334,0.5249261260032654
total_loss/train,1300,1782082748.2963758,0.5000295042991638
total_loss/train,1400,1782082862.4128695,0.4917174279689789
total_loss/train,1500,1782082976.2557771,0.4852719306945801
total_loss/train,1600,1782083092.3295712,0.43634843826293945
total_loss/train,1700,1782083205.70031,0.44640249013900757
total_loss/train,1800,1782083320.014265,0.4375404417514801
total_loss/train,1900,1782083436.0885422,0.41390880942344666
total_loss/train,2000,1782083550.0400622,0.4060845673084259
total_loss/train,2100,1782083664.2331126,0.40237724781036377
total_loss/train,2200,1782083780.6050935,0.38335373997688293
total_loss/train,2300,1782083894.7071314,0.37743619084358215
total_loss/train,2400,1782084009.1256816,0.3773362338542938
total_loss/train,2500,1782084125.2664144,0.36127009987831116
total_loss/train,2600,1782084239.115498,0.35053351521492004
total_loss/train,2700,1782084353.3167832,0.3522319793701172
total_loss/train,2800,1782084468.8838143,0.3356183171272278
total_loss/train,2900,1782084582.7828622,0.34339672327041626
total_loss/train,3000,1782084696.8650892,0.33891990780830383
total_loss/train,3100,1782085089.5569856,0.3042218089103699
total_loss/train,3200,1782085202.9866164,0.31440842151641846
total_loss/train,3300,1782085315.833176,0.31605467200279236
total_loss/train,3400,1782085430.323958,0.2969715893268585
total_loss/train,3500,1782085543.0308022,0.30476105213165283
total_loss/train,3600,1782085655.705349,0.305279016494751
total_loss/train,3700,1782085768.4945114,0.30242836475372314
total_loss/train,3800,1782085883.253426,0.29029199481010437
total_loss/train,3900,1782085995.9031532,0.2932766079902649
total_loss/train,4000,1782086108.337517,0.29355302453041077
total_loss/train,4100,1782086222.9961147,0.28223150968551636
total_loss/train,4200,1782086335.7533255,0.28146782517433167
total_loss/train,4300,1782086448.4011943,0.2780625522136688
total_loss/train,4400,1782086563.0510087,0.2772204577922821
total_loss/train,4500,1782086675.4480588,0.276734322309494
total_loss/train,4600,1782086788.079906,0.2730051577091217
total_loss/train,4700,1782086903.5211046,0.261560320854187
total_loss/train,4800,1782087015.846841,0.2595534920692444
total_loss/train,4900,1782087128.7189465,0.25950145721435547
total_loss/train,5000,1782087243.1868112,0.25316643714904785
total_loss/train,5100,1782087355.6173153,0.2540538012981415
total_loss/train,5200,1782087468.350612,0.25221720337867737
total_loss/train,5300,1782087582.4574456,0.24464376270771027
total_loss/train,5400,1782087694.759776,0.249031201004982
total_loss/train,5500,1782087807.414408,0.24392452836036682
total_loss/train,5600,1782087922.5539627,0.23600274324417114
total_loss/train,5700,1782088035.1541994,0.2380531281232834
total_loss/train,5800,1782088147.7098856,0.23740491271018982
total_loss/train,5900,1782088262.627549,0.23614516854286194
total_loss/train,6000,1782088375.1434522,0.2275426685810089
total_loss/train,6100,1782088487.3492956,0.22860631346702576
total_loss/train,6200,1782088866.7056684,0.2296420782804489
total_loss/train,6300,1782088979.8928807,0.22562181949615479
total_loss/train,6400,1782089093.3364513,0.2239045798778534
total_loss/train,6500,1782089208.027923,0.20595860481262207
total_loss/train,6600,1782089320.6013691,0.2144262194633484
total_loss/train,6700,1782089432.7610633,0.21498143672943115
total_loss/train,6800,1782089547.5981476,0.1945129930973053
total_loss/train,6900,1782089660.1464305,0.21006831526756287
total_loss/train,7000,1782089772.4376352,0.20934219658374786
total_loss/train,7100,1782089885.4029975,0.20940813422203064
total_loss/train,7200,1782089999.960452,0.21220315992832184
total_loss/train,7300,1782090112.629918,0.20958471298217773
total_loss/train,7400,1782090225.0180542,0.20805484056472778
total_loss/train,7500,1782090339.932104,0.2030515819787979
total_loss/train,7600,1782090451.928223,0.2025064080953598
total_loss/train,7700,1782090564.276295,0.20168715715408325
total_loss/train,7800,1782090679.9365604,0.19603371620178223
total_loss/train,7900,1782090792.4950602,0.19588936865329742
total_loss/train,8000,1782090904.825815,0.1974809467792511
total_loss/train,8100,1782091020.0900428,0.19253067672252655
total_loss/train,8200,1782091132.8878922,0.19327262043952942
total_loss/train,8300,1782091245.0229113,0.19210773706436157
total_loss/train,8400,1782091359.2477567,0.1916573941707611
total_loss/train,8500,1782091472.150486,0.19002079963684082
total_loss/train,8600,1782091584.669907,0.19024984538555145
total_loss/train,8700,1782091699.4128008,0.17642691731452942
total_loss/train,8800,1782091812.2616684,0.18591946363449097
total_loss/train,8900,1782091924.918321,0.18416118621826172
total_loss/train,9000,1782092039.3981395,0.1808982640504837
total_loss/train,9100,1782092152.1916006,0.18042846024036407
total_loss/train,9200,1782092264.7993677,0.17902295291423798
total_loss/train,9300,1782092644.4756346,0.17176686227321625
total_loss/train,9400,1782092757.2685163,0.17531926929950714
total_loss/train,9500,1782092870.4595006,0.17676284909248352
total_loss/train,9600,1782092985.5346737,0.1677500605583191
total_loss/train,9700,1782093098.53442,0.17165561020374298
total_loss/train,9800,1782093210.8124099,0.17153523862361908
total_loss/train,9900,1782093325.1425214,0.18641377985477448
total_loss/train,10000,1782093437.4841068,0.17123006284236908
total_loss/train,10100,1782093550.0199988,0.16890794038772583
total_loss/train,10200,1782093664.6982663,0.15419605374336243
total_loss/train,10300,1782093777.4415767,0.16918866336345673
total_loss/train,10400,1782093889.3431861,0.16516292095184326
total_loss/train,10500,1782094001.4924405,0.16567231714725494
total_loss/train,10600,1782094115.7421036,0.16504159569740295
total_loss/train,10700,1782094228.2998424,0.16290637850761414
total_loss/train,10800,1782094340.8005128,0.1616707742214203
total_loss/train,10900,1782094455.982498,0.15766610205173492
total_loss/train,11000,1782094568.7232335,0.157842755317688
total_loss/train,11100,1782094680.743664,0.15683668851852417
total_loss/train,11200,1782094795.3218074,0.15811778604984283
total_loss/train,11300,1782094907.8602388,0.1546107977628708
total_loss/train,11400,1782095019.8308017,0.1542697548866272
total_loss/train,11500,1782095134.5320313,0.15636920928955078
total_loss/train,11600,1782095246.7291713,0.15400366485118866
total_loss/train,11700,1782095359.1147227,0.1542201191186905
total_loss/train,11800,1782095473.5363684,0.14832784235477448
total_loss/train,11900,1782095585.948898,0.15079031884670258
total_loss/train,12000,1782095698.3592634,0.1494016796350479
total_loss/train,12100,1782095812.9305,0.14490045607089996
total_loss/train,12200,1782095925.4963093,0.14577296376228333
total_loss/train,12300,1782096037.7504716,0.14686617255210876
total_loss/train,12400,1782096412.0477881,0.14729277789592743
total_loss/train,12500,1782096524.2484024,0.14463907480239868
total_loss/train,12600,1782096637.1458273,0.14442546665668488
total_loss/train,12700,1782096752.4304144,0.14336298406124115
total_loss/train,12800,1782096865.566068,0.14201711118221283
total_loss/train,12900,1782096977.8363621,0.14260661602020264
total_loss/train,13000,1782097091.8471913,0.14276552200317383
total_loss/train,13100,1782097204.1326182,0.14096100628376007
total_loss/train,13200,1782097316.344687,0.13948452472686768
total_loss/train,13300,1782097430.745334,0.13814152777194977
total_loss/train,13400,1782097542.998149,0.1342938244342804
total_loss/train,13500,1782097655.3284514,0.13533978164196014
total_loss/train,13600,1782097770.2386,0.1185956597328186
total_loss/train,13700,1782097882.7571216,0.13561806082725525
total_loss/train,13800,1782097995.376548,0.1339769959449768
total_loss/train,13900,1782098107.559622,0.1335088163614273
total_loss/train,14000,1782098222.9518423,0.13463428616523743
total_loss/train,14100,1782098335.7019663,0.13021302223205566
total_loss/train,14200,1782098448.0429788,0.1297859400510788
total_loss/train,14300,1782098562.4457748,0.12754479050636292
total_loss/train,14400,1782098675.2553036,0.12678338587284088
total_loss/train,14500,1782098787.613401,0.12646742165088654
total_loss/train,14600,1782098901.643348,0.12658865749835968
total_loss/train,14700,1782099014.7912014,0.12518452107906342
total_loss/train,14800,1782099127.3452165,0.12534865736961365
total_loss/train,14900,1782099241.612182,0.12596862018108368
total_loss/train,15000,1782099353.4915233,0.121598981320858
total_loss/train,15100,1782099466.0803328,0.12248207628726959
total_loss/train,15200,1782099580.8028128,0.11657629907131195
total_loss/train,15300,1782099693.3282895,0.12023933231830597
total_loss/train,15400,1782099806.2818415,0.11952877044677734
total_loss/train,15500,1782100180.2423935,0.11970271170139313
total_loss/train,15600,1782100292.5561275,0.12063423544168472
total_loss/train,15700,1782100404.913784,0.11951994150876999
total_loss/train,15800,1782100520.1146152,0.12364628911018372
total_loss/train,15900,1782100632.9888704,0.12063972651958466
total_loss/train,16000,1782100745.857396,0.11819063872098923
total_loss/train,16100,1782100860.2221634,0.11162304133176804
total_loss/train,16200,1782100972.2328231,0.11567089706659317
total_loss/train,16300,1782101084.9503913,0.11428405344486237
total_loss/train,16400,1782101199.7946682,0.11082955449819565
total_loss/train,16500,1782101312.1854315,0.11102733761072159
total_loss/train,16600,1782101424.8515565,0.11232446879148483
total_loss/train,16700,1782101539.2741737,0.11261855810880661
total_loss/train,16800,1782101651.6899962,0.10951492935419083
total_loss/train,16900,1782101763.9570048,0.11032960563898087
total_loss/train,17000,1782101878.8113472,0.11280489712953568
total_loss/train,17100,1782101991.320578,0.10859015583992004
total_loss/train,17200,1782102103.3557239,0.10716148465871811
total_loss/train,17300,1782102215.5896058,0.1067114844918251
total_loss/train,17400,1782102329.9248018,0.10731853544712067
total_loss/train,17500,1782102442.2091017,0.1069050058722496
total_loss/train,17600,1782102555.1925876,0.10696721076965332
total_loss/train,17700,1782102669.5776267,0.10183417797088623
total_loss/train,17800,1782102781.7533095,0.1024554967880249
total_loss/train,17900,1782102894.0842965,0.1020570769906044
total_loss/train,18000,1782103008.740863,0.10610620677471161
total_loss/train,18100,1782103120.7808542,0.10287962108850479
total_loss/train,18200,1782103233.408893,0.10156824439764023
total_loss/train,18300,1782103347.6605577,0.09418849647045135
total_loss/train,18400,1782103460.2390978,0.0973023921251297
total_loss/train,18500,1782103572.6636405,0.09870557487010956
total_loss/train,18600,1782103945.620279,0.09522409737110138
total_loss/train,18700,1782104057.857681,0.09691499918699265
total_loss/train,18800,1782104170.1398687,0.09750129282474518
total_loss/train,18900,1782104284.3423898,0.0940246433019638
total_loss/train,19000,1782104397.8678944,0.09508799016475677
total_loss/train,19100,1782104511.1157815,0.0941830426454544
total_loss/train,19200,1782104625.459477,0.09384239464998245
total_loss/train,19300,1782104738.0533571,0.09220115840435028
total_loss/train,19400,1782104850.0502434,0.09271358698606491
total_loss/train,19500,1782104964.7134416,0.08876535296440125
total_loss/train,19600,1782105076.592525,0.09084627777338028
total_loss/train,19700,1782105188.753178,0.09181317687034607
total_loss/train,19800,1782105303.7101448,0.08880993723869324
total_loss/train,19900,1782105416.0167592,0.0890529453754425
total_loss/train,20000,1782105528.1873598,0.08943179249763489
total_loss/train,20100,1782105643.1288083,0.09111067652702332
total_loss/train,20200,1782105755.7530637,0.08759427815675735
total_loss/train,20300,1782105868.2604992,0.08739309757947922
total_loss/train,20400,1782105982.5409796,0.08710496127605438
total_loss/train,20500,1782106094.8061364,0.08479287475347519
total_loss/train,20600,1782106207.3979077,0.08537248522043228
total_loss/train,20700,1782106319.7945702,0.08564199507236481
total_loss/train,20800,1782106434.446549,0.08325909078121185
total_loss/train,20900,1782106546.966514,0.08363905549049377
total_loss/train,21000,1782106659.2356038,0.08376448601484299
total_loss/train,21100,1782106773.8166544,0.08371283113956451
total_loss/train,21200,1782106885.7979581,0.08304111659526825
total_loss/train,21300,1782106998.0375323,0.08271155506372452
total_loss/train,21400,1782107112.6857178,0.08015013486146927
total_loss/train,21500,1782107224.8350132,0.07989616692066193
total_loss/train,21600,1782107336.8462548,0.0799759104847908
total_loss/train,21700,1782107711.654131,0.07670772820711136
total_loss/train,21800,1782107823.7786007,0.07825411856174469
total_loss/train,21900,1782107935.8762662,0.07802153378725052
total_loss/train,22000,1782108050.1086016,0.0798051506280899
total_loss/train,22100,1782108162.2388084,0.0780995786190033
total_loss/train,22200,1782108275.0086868,0.0770520567893982
total_loss/train,22300,1782108390.040536,0.0760766938328743
total_loss/train,22400,1782108502.9292114,0.07720645517110825
total_loss/train,22500,1782108614.9708383,0.07603900134563446
total_loss/train,22600,1782108729.7262332,0.07861928641796112
total_loss/train,22700,1782108842.1397853,0.0778885930776596
total_loss/train,22800,1782108954.2480667,0.07534705847501755
total_loss/train,22900,1782109068.7126937,0.07172367721796036
total_loss/train,23000,1782109180.5748935,0.07305611670017242
total_loss/train,23100,1782109292.7837641,0.07246224582195282
total_loss/train,23200,1782109407.354849,0.08033652603626251
total_loss/train,23300,1782109519.9240038,0.07188402116298676
total_loss/train,23400,1782109631.8974843,0.07099862396717072
total_loss/train,23500,1782109746.5235238,0.06835389882326126
total_loss/train,23600,1782109859.186899,0.0679316595196724
total_loss/train,23700,1782109971.60331,0.07010483741760254
total_loss/train,23800,1782110086.035084,0.0702597051858902
total_loss/train,23900,1782110198.9461944,0.07003183662891388
total_loss/train,24000,1782110310.760219,0.06941553950309753
total_loss/train,24100,1782110422.858335,0.06872248649597168
total_loss/train,24200,1782110537.3671129,0.06920485198497772
total_loss/train,24300,1782110649.3822045,0.06914309412240982
total_loss/train,24400,1782110761.1240993,0.06879851222038269
total_loss/train,24500,1782110875.491814,0.06629125773906708
total_loss/train,24600,1782110988.0653625,0.0666576698422432
total_loss/train,24700,1782111099.9838982,0.06632474809885025
total_loss/train,24800,1782111473.9883769,0.06888429820537567
total_loss/train,24900,1782111586.080991,0.06625530123710632
total_loss/train,25000,1782111698.4201303,0.06492868065834045
total_loss/train,25100,1782111812.6454964,0.0630355104804039
total_loss/train,25200,1782111925.2051327,0.06409092992544174
total_loss/train,25300,1782112037.6701875,0.06392080336809158
total_loss/train,25400,1782112152.2782953,0.0641501247882843
total_loss/train,25500,1782112265.173332,0.06245646998286247
total_loss/train,25600,1782112377.5120175,0.06229287385940552
total_loss/train,25700,1782112491.7168663,0.06384238600730896
total_loss/train,25800,1782112603.7094152,0.06289060413837433
total_loss/train,25900,1782112716.165714,0.061492156237363815
total_loss/train,26000,1782112830.632741,0.05992031842470169
total_loss/train,26100,1782112943.0257843,0.059787504374980927
total_loss/train,26200,1782113054.92912,0.059367723762989044
total_loss/train,26300,1782113169.3364022,0.061966896057128906
total_loss/train,26400,1782113281.8990848,0.060577213764190674
total_loss/train,26500,1782113394.6246812,0.05974527820944786
total_loss/train,26600,1782113509.1049912,0.0614284984767437
total_loss/train,26700,1782113621.4025264,0.05719935894012451
total_loss/train,26800,1782113733.8332946,0.05721822381019592
total_loss/train,26900,1782113848.3626971,0.06033322215080261
total_loss/train,27000,1782113960.577519,0.05715956911444664
total_loss/train,27100,1782114073.206714,0.056563932448625565
total_loss/train,27200,1782114187.2337258,0.06654776632785797
total_loss/train,27300,1782114299.3192098,0.057593535631895065
total_loss/train,27400,1782114411.7463858,0.05632631853222847
total_loss/train,27500,1782114523.8833232,0.05544617027044296
total_loss/train,27600,1782114638.9576192,0.05490535870194435
total_loss/train,27700,1782114751.1550531,0.05527811869978905
total_loss/train,27800,1782114863.6826198,0.054966941475868225
total_loss/train,27900,1782115237.2669399,0.054390884935855865
total_loss/train,28000,1782115349.4883118,0.05435209721326828
total_loss/train,28100,1782115461.880453,0.05400295928120613
total_loss/train,28200,1782115576.8956819,0.05368701368570328
total_loss/train,28300,1782115689.6114979,0.053480781614780426
total_loss/train,28400,1782115802.42496,0.05202530324459076
total_loss/train,28500,1782115917.6797767,0.05230081453919411
total_loss/train,28600,1782116031.2027996,0.05227000638842583
total_loss/train,28700,1782116144.1505766,0.051480673253536224
total_loss/train,28800,1782116258.9824631,0.050665464252233505
total_loss/train,28900,1782116371.8732092,0.05111163109540939
total_loss/train,29000,1782116484.517532,0.05111879110336304
total_loss/train,29100,1782116598.8097506,0.048694949597120285
total_loss/train,29200,1782116711.6601334,0.05005260929465294
total_loss/train,29300,1782116824.3228672,0.05016918107867241
total_loss/train,29400,1782116939.4332893,0.048629291355609894
total_loss/train,29500,1782117051.979467,0.04952630773186684
total_loss/train,29600,1782117164.4631681,0.04880040884017944
total_loss/train,29700,1782117279.1055405,0.04718778282403946
total_loss/train,29800,1782117391.6608448,0.047644566744565964
total_loss/train,29900,1782117504.116654,0.047647956758737564
total_loss/train,30000,1782117619.0577958,0.04971574991941452
total_loss/train,30100,1782117731.411823,0.04832889139652252
total_loss/train,30200,1782117844.274106,0.04861260578036308
total_loss/train,30300,1782117959.5370352,0.047325268387794495
total_loss/train,30400,1782118072.412698,0.04802227020263672
total_loss/train,30500,1782118184.6452713,0.04702237993478775
total_loss/train,30600,1782118299.3676789,0.044865407049655914
total_loss/train,30700,1782118411.7809117,0.04595467075705528
total_loss/train,30800,1782118524.4264657,0.04582960531115532
total_loss/train,30900,1782118636.9946525,0.04656018316745758
total_loss/train,31000,1782119014.6805866,0.0461723618209362
total_loss/train,31100,1782119127.5920248,0.046938925981521606
total_loss/train,31200,1782119240.004482,0.046195559203624725
total_loss/train,31300,1782119354.7366292,0.045313384383916855
total_loss/train,31400,1782119467.5387282,0.04541252180933952
total_loss/train,31500,1782119579.9687233,0.04499875754117966
total_loss/train,31600,1782119694.588074,0.045827966183423996
total_loss/train,31700,1782119807.654993,0.04500051587820053
total_loss/train,31800,1782119921.0601423,0.04454794526100159
total_loss/train,31900,1782120036.1186945,0.04427732527256012
total_loss/train,32000,1782120148.5118108,0.044539157301187515
total_loss/train,32100,1782120261.5062823,0.04411040246486664
total_loss/train,32200,1782120375.9898338,0.04460526257753372
total_loss/train,32300,1782120488.4368896,0.04473463445901871
total_loss/train,32400,1782120600.7343407,0.04382428899407387
total_loss/train,32500,1782120715.4400966,0.044846780598163605
total_loss/train,32600,1782120828.1883016,0.04396829381585121
total_loss/train,32700,1782120940.8254485,0.04358765855431557
total_loss/train,32800,1782121055.6288462,0.04351676255464554
total_loss/train,32900,1782121168.4998395,0.04319083318114281
total_loss/train,33000,1782121280.733386,0.04369517043232918
total_loss/train,33100,1782121396.0583744,0.042730722576379776
total_loss/train,33200,1782121508.3434968,0.043301764875650406
total_loss/train,33300,1782121620.340052,0.04333993047475815
total_loss/train,33400,1782121735.6114473,0.04605600982904434
total_loss/train,33500,1782121848.118946,0.04304422810673714
total_loss/train,33600,1782121960.426209,0.04241436719894409
total_loss/train,33700,1782122074.8240886,0.03984542191028595
total_loss/train,33800,1782122187.5275326,0.042321573942899704
total_loss/train,33900,1782122299.8942616,0.04235883057117462
total_loss/train,34000,1782122678.5605707,0.0437016561627388
total_loss/train,34100,1782122790.9829745,0.042245376855134964
total_loss/train,34200,1782122904.1283436,0.04188026860356331
total_loss/train,34300,1782123019.1747553,0.0424497164785862
total_loss/train,34400,1782123131.6935282,0.04218878969550133
total_loss/train,34500,1782123244.118682,0.042126335203647614
total_loss/train,34600,1782123357.1133204,0.041417766362428665
total_loss/train,34700,1782123471.2019138,0.04009094089269638
total_loss/train,34800,1782123584.463611,0.04057469218969345
total_loss/train,34900,1782123698.448444,0.0410761833190918
total_loss/train,35000,1782123813.3776455,0.04078923165798187
total_loss/train,35100,1782123925.7328017,0.04087311029434204
total_loss/train,35200,1782124038.3952968,0.04091976210474968
total_loss/train,35300,1782124153.2903502,0.04129260778427124
total_loss/train,35400,1782124265.9124885,0.04076047241687775
total_loss/train,35500,1782124378.628866,0.04025125131011009
total_loss/train,35600,1782124493.235308,0.042852893471717834
total_loss/train,35700,1782124606.4300482,0.04101479798555374
total_loss/train,35800,1782124719.2114975,0.04013293236494064
total_loss/train,35900,1782124833.8021998,0.039580605924129486
total_loss/train,36000,1782124946.089647,0.04031477868556976
total_loss/train,36100,1782125058.4082062,0.0401192270219326
total_loss/train,36200,1782125173.3017492,0.0390055812895298
total_loss/train,36300,1782125285.5970376,0.04088377207517624
total_loss/train,36400,1782125397.986989,0.03997862711548805
total_loss/train,36500,1782125512.6343277,0.043153148144483566
total_loss/train,36600,1782125625.4695234,0.04114537313580513
total_loss/train,36700,1782125738.033268,0.0396309532225132
total_loss/train,36800,1782125852.775758,0.042341094464063644
total_loss/train,36900,1782125965.1909673,0.04030892252922058
total_loss/train,37000,1782126077.5325649,0.039722543209791183
depth_loss/train,100,1782081374.9207299,1.9357155561447144
depth_loss/train,200,1782081489.0019217,1.761927604675293
depth_loss/train,300,1782081602.2939389,1.6489152908325195
depth_loss/train,400,1782081717.6571417,1.3309212923049927
depth_loss/train,500,1782081831.3504426,1.293663740158081
depth_loss/train,600,1782081944.6817825,1.27297043800354
depth_loss/train,700,1782082060.1072795,1.1850764751434326
depth_loss/train,800,1782082174.213064,1.1736745834350586
depth_loss/train,900,1782082288.1124537,1.1639653444290161
depth_loss/train,1000,1782082404.340249,1.1075009107589722
depth_loss/train,1100,1782082518.4050257,1.0998754501342773
depth_loss/train,1200,1782082632.4066632,1.0926624536514282
depth_loss/train,1300,1782082748.2964058,1.0497077703475952
depth_loss/train,1400,1782082862.4128988,1.0536649227142334
depth_loss/train,1500,1782082976.2558072,1.0502642393112183
depth_loss/train,1600,1782083092.329602,1.0266209840774536
depth_loss/train,1700,1782083205.7003393,1.025036334991455
depth_loss/train,1800,1782083320.014302,1.018478512763977
depth_loss/train,1900,1782083436.088575,0.992012619972229
depth_loss/train,2000,1782083550.040093,0.9935551881790161
depth_loss/train,2100,1782083664.233147,0.9893457293510437
depth_loss/train,2200,1782083780.605124,0.9665474891662598
depth_loss/train,2300,1782083894.707161,0.9686481952667236
depth_loss/train,2400,1782084009.1257112,0.9686197638511658
depth_loss/train,2500,1782084125.2664435,0.9484102725982666
depth_loss/train,2600,1782084239.1155276,0.9494674205780029
depth_loss/train,2700,1782084353.3168135,0.9516452550888062
depth_loss/train,2800,1782084468.8838449,0.9411036968231201
depth_loss/train,2900,1782084582.7828915,0.9360118508338928
depth_loss/train,3000,1782084696.8651185,0.9345211982727051
depth_loss/train,3100,1782085089.5570185,0.9232370853424072
depth_loss/train,3200,1782085202.9866462,0.9252709150314331
depth_loss/train,3300,1782085315.833207,0.9209012389183044
depth_loss/train,3400,1782085430.3239892,0.9173713326454163
depth_loss/train,3500,1782085543.0308375,0.9142400026321411
depth_loss/train,3600,1782085655.705383,0.9105095267295837
depth_loss/train,3700,1782085768.4945467,0.9091452956199646
depth_loss/train,3800,1782085883.2534585,0.905476987361908
depth_loss/train,3900,1782085995.9031875,0.9034786224365234
depth_loss/train,4000,1782086108.3375456,0.9008966088294983
depth_loss/train,4100,1782086222.9961457,0.8922659158706665
depth_loss/train,4200,1782086335.7533565,0.8945449590682983
depth_loss/train,4300,1782086448.4012244,0.8921148777008057
depth_loss/train,4400,1782086563.0510395,0.888300895690918
depth_loss/train,4500,1782086675.4480906,0.8830558061599731
depth_loss/train,4600,1782086788.0799427,0.8798235654830933
depth_loss/train,4700,1782086903.5211349,0.8717308044433594
depth_loss/train,4800,1782087015.8468704,0.8678897619247437
depth_loss/train,4900,1782087128.7189763,0.868666410446167
depth_loss/train,5000,1782087243.186841,0.8663263916969299
depth_loss/train,5100,1782087355.6173465,0.8641291856765747
depth_loss/train,5200,1782087468.3506417,0.8631255030632019
depth_loss/train,5300,1782087582.4574747,0.8477954268455505
depth_loss/train,5400,1782087694.759805,0.8536285161972046
depth_loss/train,5500,1782087807.4144375,0.855185329914093
depth_loss/train,5600,1782087922.5539927,0.8539969325065613
depth_loss/train,5700,1782088035.15423,0.850587010383606
depth_loss/train,5800,1782088147.7099154,0.8507534265518188
depth_loss/train,5900,1782088262.6275783,0.8387688398361206
depth_loss/train,6000,1782088375.143482,0.8441373109817505
depth_loss/train,6100,1782088487.3493254,0.8421496152877808
depth_loss/train,6200,1782088866.7056985,0.840762197971344
depth_loss/train,6300,1782088979.8929098,0.8336242437362671
depth_loss/train,6400,1782089093.3364813,0.8362831473350525
depth_loss/train,6500,1782089208.0279534,0.8347071409225464
depth_loss/train,6600,1782089320.601405,0.8351423740386963
depth_loss/train,6700,1782089432.7610931,0.8329026699066162
depth_loss/train,6800,1782089547.5981784,0.8589267134666443
depth_loss/train,6900,1782089660.1464624,0.8287675976753235
depth_loss/train,7000,1782089772.4376693,0.8293429613113403
depth_loss/train,7100,1782089885.4030273,0.8296888470649719
depth_loss/train,7200,1782089999.960483,0.8197641372680664
depth_loss/train,7300,1782090112.6299472,0.8215986490249634
depth_loss/train,7400,1782090225.0180855,0.822273850440979
depth_loss/train,7500,1782090339.9321349,0.8174566030502319
depth_loss/train,7600,1782090451.928253,0.8170103430747986
depth_loss/train,7700,1782090564.2763247,0.8185909390449524
depth_loss/train,7800,1782090679.936591,0.8123799562454224
depth_loss/train,7900,1782090792.4950943,0.8102291822433472
depth_loss/train,8000,1782090904.8258464,0.8115180134773254
depth_loss/train,8100,1782091020.090074,0.8094736933708191
depth_loss/train,8200,1782091132.8879213,0.8046066164970398
depth_loss/train,8300,1782091245.022959,0.8057017922401428
depth_loss/train,8400,1782091359.2477863,0.8033238649368286
depth_loss/train,8500,1782091472.1505196,0.8045225143432617
depth_loss/train,8600,1782091584.669942,0.8042021989822388
depth_loss/train,8700,1782091699.4128318,0.8036608099937439
depth_loss/train,8800,1782091812.261699,0.8056197166442871
depth_loss/train,8900,1782091924.9183507,0.8018103241920471
depth_loss/train,9000,1782092039.39817,0.7923694849014282
depth_loss/train,9100,1782092152.1916304,0.794847309589386
depth_loss/train,9200,1782092264.799398,0.7949256300926208
depth_loss/train,9300,1782092644.4756653,0.7888714671134949
depth_loss/train,9400,1782092757.2685447,0.7886262536048889
depth_loss/train,9500,1782092870.4595304,0.7928534150123596
depth_loss/train,9600,1782092985.5347037,0.7837789058685303
depth_loss/train,9700,1782093098.5344508,0.7866798043251038
depth_loss/train,9800,1782093210.81244,0.7894265651702881
depth_loss/train,9900,1782093325.142552,0.7717007994651794
depth_loss/train,10000,1782093437.4841373,0.7844431400299072
depth_loss/train,10100,1782093550.0200295,0.7847055196762085
depth_loss/train,10200,1782093664.6982973,0.7459043264389038
depth_loss/train,10300,1782093777.4416075,0.7802469730377197
depth_loss/train,10400,1782093889.3432157,0.7802895903587341
depth_loss/train,10500,1782094001.4924743,0.7808059453964233
depth_loss/train,10600,1782094115.742134,0.779103696346283
depth_loss/train,10700,1782094228.299889,0.7784640192985535
depth_loss/train,10800,1782094340.8005416,0.7806845307350159
depth_loss/train,10900,1782094455.9825284,0.7762242555618286
depth_loss/train,11000,1782094568.7232628,0.7773745656013489
depth_loss/train,11100,1782094680.7437003,0.7765670418739319
depth_loss/train,11200,1782094795.3218377,0.7736530900001526
depth_loss/train,11300,1782094907.8602676,0.7755579352378845
depth_loss/train,11400,1782095019.8308344,0.7741073369979858
depth_loss/train,11500,1782095134.5320625,0.7683537006378174
depth_loss/train,11600,1782095246.7292056,0.7730971574783325
depth_loss/train,11700,1782095359.1147547,0.7710493206977844
depth_loss/train,11800,1782095473.5363991,0.765660285949707
depth_loss/train,11900,1782095585.9489286,0.7673494219779968
depth_loss/train,12000,1782095698.3592985,0.766667366027832
depth_loss/train,12100,1782095812.9305315,0.7629856467247009
depth_loss/train,12200,1782095925.4963386,0.7629222273826599
depth_loss/train,12300,1782096037.7505023,0.7620809078216553
depth_loss/train,12400,1782096412.047818,0.758069634437561
depth_loss/train,12500,1782096524.2484326,0.7602673768997192
depth_loss/train,12600,1782096637.1458569,0.7595520615577698
depth_loss/train,12700,1782096752.4304457,0.7579647898674011
depth_loss/train,12800,1782096865.5661032,0.7595047950744629
depth_loss/train,12900,1782096977.8363914,0.7591917514801025
depth_loss/train,13000,1782097091.847222,0.7493493556976318
depth_loss/train,13100,1782097204.1326513,0.7576608657836914
depth_loss/train,13200,1782097316.3447223,0.7565761804580688
depth_loss/train,13300,1782097430.7453644,0.7557604908943176
depth_loss/train,13400,1782097542.9981785,0.7528491020202637
depth_loss/train,13500,1782097655.3284817,0.752161979675293
depth_loss/train,13600,1782097770.23863,0.750655472278595
depth_loss/train,13700,1782097882.757156,0.7505568861961365
depth_loss/train,13800,1782097995.376584,0.7507153153419495
depth_loss/train,13900,1782098107.5596526,0.7495664954185486
depth_loss/train,14000,1782098222.9518738,0.7431560754776001
depth_loss/train,14100,1782098335.702001,0.7452748417854309
depth_loss/train,14200,1782098448.043008,0.7471425533294678
depth_loss/train,14300,1782098562.4458048,0.7500609755516052
depth_loss/train,14400,1782098675.255334,0.7457968592643738
depth_loss/train,14500,1782098787.613435,0.7454110383987427
depth_loss/train,14600,1782098901.6433794,0.7384851574897766
depth_loss/train,14700,1782099014.791236,0.7417284846305847
depth_loss/train,14800,1782099127.3452559,0.7421706914901733
depth_loss/train,14900,1782099241.6122127,0.7367755174636841
depth_loss/train,15000,1782099353.4915535,0.7399080991744995
depth_loss/train,15100,1782099466.0803666,0.7402989268302917
depth_loss/train,15200,1782099580.802844,0.7306340932846069
depth_loss/train,15300,1782099693.3283203,0.7368413805961609
depth_loss/train,15400,1782099806.2818713,0.7377733588218689
depth_loss/train,15500,1782100180.242426,0.7358075380325317
depth_loss/train,15600,1782100292.5561569,0.7351915836334229
depth_loss/train,15700,1782100404.913815,0.7357848286628723
depth_loss/train,15800,1782100520.114646,0.7308728694915771
depth_loss/train,15900,1782100632.9889002,0.736255407333374
depth_loss/train,16000,1782100745.8574266,0.7343893051147461
depth_loss/train,16100,1782100860.2221944,0.7277640700340271
depth_loss/train,16200,1782100972.232853,0.7327719330787659
depth_loss/train,16300,1782101084.9504213,0.7318037152290344
depth_loss/train,16400,1782101199.7946994,0.7367957234382629
depth_loss/train,16500,1782101312.1854618,0.7295284271240234
depth_loss/train,16600,1782101424.8515875,0.7290775775909424
depth_loss/train,16700,1782101539.2742045,0.7252346873283386
depth_loss/train,16800,1782101651.69003,0.7264789938926697
depth_loss/train,16900,1782101763.9570363,0.7275510430335999
depth_loss/train,17000,1782101878.8113782,0.74537193775177
depth_loss/train,17100,1782101991.320608,0.7236376404762268
depth_loss/train,17200,1782102103.3557532,0.7267425060272217
depth_loss/train,17300,1782102215.5896392,0.725705623626709
depth_loss/train,17400,1782102329.9248307,0.7245779037475586
depth_loss/train,17500,1782102442.2091322,0.7236708998680115
depth_loss/train,17600,1782102555.1926181,0.7236683964729309
depth_loss/train,17700,1782102669.5776656,0.7242633700370789
depth_loss/train,17800,1782102781.7533402,0.7226173281669617
depth_loss/train,17900,1782102894.0843277,0.7220024466514587
depth_loss/train,18000,1782103008.7408934,0.7166397571563721
depth_loss/train,18100,1782103120.7808838,0.7201240658760071
depth_loss/train,18200,1782103233.4089239,0.7197582125663757
depth_loss/train,18300,1782103347.6605866,0.7212217450141907
depth_loss/train,18400,1782103460.2391284,0.7187471389770508
depth_loss/train,18500,1782103572.6636715,0.7181660532951355
depth_loss/train,18600,1782103945.6203098,0.719387412071228
depth_loss/train,18700,1782104057.8577113,0.7172902822494507
depth_loss/train,18800,1782104170.1398993,0.7157644033432007
depth_loss/train,18900,1782104284.3424191,0.7162154912948608
depth_loss/train,19000,1782104397.8679254,0.715321958065033
depth_loss/train,19100,1782104511.1158104,0.7140126824378967
depth_loss/train,19200,1782104625.4595063,0.7164789438247681
depth_loss/train,19300,1782104738.053387,0.7148366570472717
depth_loss/train,19400,1782104850.0502732,0.7139482498168945
depth_loss/train,19500,1782104964.7134728,0.7099738717079163
depth_loss/train,19600,1782105076.5925548,0.711164116859436
depth_loss/train,19700,1782105188.753209,0.7107856869697571
depth_loss/train,19800,1782105303.7101753,0.7091572880744934
depth_loss/train,19900,1782105416.0167894,0.7109593152999878
depth_loss/train,20000,1782105528.1873887,0.7110660076141357
depth_loss/train,20100,1782105643.1288383,0.7091683149337769
depth_loss/train,20200,1782105755.7530944,0.7092663049697876
depth_loss/train,20300,1782105868.2605298,0.7094835042953491
depth_loss/train,20400,1782105982.5410094,0.7355108857154846
depth_loss/train,20500,1782106094.8061707,0.7107881903648376
depth_loss/train,20600,1782106207.397937,0.7073535323143005
depth_loss/train,20700,1782106319.7945986,0.7068414092063904
depth_loss/train,20800,1782106434.4465797,0.7028818130493164
depth_loss/train,20900,1782106546.9665458,0.7039245367050171
depth_loss/train,21000,1782106659.2356324,0.7058300971984863
depth_loss/train,21100,1782106773.8166845,0.7034797072410583
depth_loss/train,21200,1782106885.7979882,0.7024141550064087
depth_loss/train,21300,1782106998.0375617,0.7036672234535217
depth_loss/train,21400,1782107112.6857471,0.7033519148826599
depth_loss/train,21500,1782107224.8350422,0.7030989527702332
depth_loss/train,21600,1782107336.8462837,0.7019134759902954
depth_loss/train,21700,1782107711.6541615,0.7001001238822937
depth_loss/train,21800,1782107823.7786357,0.700747549533844
depth_loss/train,21900,1782107935.8762949,0.7004455924034119
depth_loss/train,22000,1782108050.1086316,0.7029345631599426
depth_loss/train,22100,1782108162.238837,0.7032894492149353
depth_loss/train,22200,1782108275.0087163,0.6987363696098328
depth_loss/train,22300,1782108390.0405655,0.7012616395950317
depth_loss/train,22400,1782108502.92924,0.699096143245697
depth_loss/train,22500,1782108614.9708667,0.6984885931015015
depth_loss/train,22600,1782108729.7262633,0.6934006810188293
depth_loss/train,22700,1782108842.1398206,0.6980417370796204
depth_loss/train,22800,1782108954.248098,0.6971222758293152
depth_loss/train,22900,1782109068.712724,0.7007495760917664
depth_loss/train,23000,1782109180.5749242,0.6935399174690247
depth_loss/train,23100,1782109292.7837942,0.6950167417526245
depth_loss/train,23200,1782109407.3548803,0.6895540952682495
depth_loss/train,23300,1782109519.9240339,0.693901538848877
depth_loss/train,23400,1782109631.8975134,0.6932876110076904
depth_loss/train,23500,1782109746.5235534,0.6928895711898804
depth_loss/train,23600,1782109859.1869287,0.6910704970359802
depth_loss/train,23700,1782109971.6033397,0.6922441720962524
depth_loss/train,23800,1782110086.0351157,0.6894916892051697
depth_loss/train,23900,1782110198.9462242,0.6909008026123047
depth_loss/train,24000,1782110310.760249,0.6917324662208557
depth_loss/train,24100,1782110422.858364,0.691909909248352
depth_loss/train,24200,1782110537.3671434,0.688226044178009
depth_loss/train,24300,1782110649.3822339,0.6897107362747192
depth_loss/train,24400,1782110761.124128,0.689845085144043
depth_loss/train,24500,1782110875.4918432,0.6820825338363647
depth_loss/train,24600,1782110988.065392,0.6874823570251465
depth_loss/train,24700,1782111099.9839272,0.6887626051902771
depth_loss/train,24800,1782111473.9884076,0.6905425786972046
depth_loss/train,24900,1782111586.0810196,0.688815176486969
depth_loss/train,25000,1782111698.4201653,0.688866138458252
depth_loss/train,25100,1782111812.6455264,0.6853072047233582
depth_loss/train,25200,1782111925.205163,0.6885989904403687
depth_loss/train,25300,1782112037.6702173,0.6878702640533447
depth_loss/train,25400,1782112152.2783241,0.6908630728721619
depth_loss/train,25500,1782112265.1733613,0.6852623224258423
depth_loss/train,25600,1782112377.5120466,0.6850626468658447
depth_loss/train,25700,1782112491.7168963,0.6827451586723328
depth_loss/train,25800,1782112603.7094455,0.6852805018424988
depth_loss/train,25900,1782112716.1657429,0.685313880443573
depth_loss/train,26000,1782112830.6327717,0.6831212043762207
depth_loss/train,26100,1782112943.0258143,0.6845773458480835
depth_loss/train,26200,1782113054.9291492,0.6849529147148132
depth_loss/train,26300,1782113169.3364322,0.6786845922470093
depth_loss/train,26400,1782113281.8991206,0.6855740547180176
depth_loss/train,26500,1782113394.624712,0.6850319504737854
depth_loss/train,26600,1782113509.10503,0.6680194735527039
depth_loss/train,26700,1782113621.4025567,0.6823989748954773
depth_loss/train,26800,1782113733.8333251,0.6829006671905518
depth_loss/train,26900,1782113848.362727,0.6788501143455505
depth_loss/train,27000,1782113960.5775487,0.6814305782318115
depth_loss/train,27100,1782114073.2067437,0.6819542050361633
depth_loss/train,27200,1782114187.2337554,0.6757258176803589
depth_loss/train,27300,1782114299.3192394,0.6807563304901123
depth_loss/train,27400,1782114411.7464163,0.6804282069206238
depth_loss/train,27500,1782114523.883353,0.6808419227600098
depth_loss/train,27600,1782114638.9576507,0.6768379211425781
depth_loss/train,27700,1782114751.1550825,0.6793336868286133
depth_loss/train,27800,1782114863.6826499,0.6799219846725464
depth_loss/train,27900,1782115237.2669704,0.6764202117919922
depth_loss/train,28000,1782115349.488342,0.679203450679779
depth_loss/train,28100,1782115461.880483,0.6790791749954224
depth_loss/train,28200,1782115576.8957129,0.6767362356185913
depth_loss/train,28300,1782115689.6115274,0.6780246496200562
depth_loss/train,28400,1782115802.4249904,0.6780397891998291
depth_loss/train,28500,1782115917.6798067,0.67924565076828
depth_loss/train,28600,1782116031.2028294,0.6796460151672363
depth_loss/train,28700,1782116144.1506062,0.6791484951972961
depth_loss/train,28800,1782116258.9824936,0.6771031022071838
depth_loss/train,28900,1782116371.8732393,0.6744381785392761
depth_loss/train,29000,1782116484.5175626,0.676983654499054
depth_loss/train,29100,1782116598.8097818,0.6736054420471191
depth_loss/train,29200,1782116711.6601636,0.6769311428070068
depth_loss/train,29300,1782116824.3228974,0.6764684319496155
depth_loss/train,29400,1782116939.4333215,0.674746572971344
depth_loss/train,29500,1782117051.9795027,0.6744599938392639
depth_loss/train,29600,1782117164.4631991,0.6751484870910645
depth_loss/train,29700,1782117279.1055713,0.6722777485847473
depth_loss/train,29800,1782117391.6608758,0.6753934621810913
depth_loss/train,29900,1782117504.1166835,0.6745448112487793
depth_loss/train,30000,1782117619.0578272,0.6731699705123901
depth_loss/train,30100,1782117731.411853,0.6781806945800781
depth_loss/train,30200,1782117844.274135,0.6753759384155273
depth_loss/train,30300,1782117959.537067,0.6643514037132263
depth_loss/train,30400,1782118072.4127283,0.6734612584114075
depth_loss/train,30500,1782118184.6453035,0.6752008199691772
depth_loss/train,30600,1782118299.3677087,0.6720054745674133
depth_loss/train,30700,1782118411.780942,0.6744183301925659
depth_loss/train,30800,1782118524.4264956,0.6751345992088318
depth_loss/train,30900,1782118636.9946811,0.6733487844467163
depth_loss/train,31000,1782119014.6806185,0.6721258163452148
depth_loss/train,31100,1782119127.5920544,0.6752771139144897
depth_loss/train,31200,1782119240.0045109,0.6728445291519165
depth_loss/train,31300,1782119354.7366605,0.6678725481033325
depth_loss/train,31400,1782119467.538758,0.6709046363830566
depth_loss/train,31500,1782119579.9687529,0.6723112463951111
depth_loss/train,31600,1782119694.5881045,0.6656980514526367
depth_loss/train,31700,1782119807.6550267,0.6724721193313599
depth_loss/train,31800,1782119921.0601716,0.67234206199646
depth_loss/train,31900,1782120036.1187246,0.6691029667854309
depth_loss/train,32000,1782120148.5118413,0.6720656156539917
depth_loss/train,32100,1782120261.5063126,0.6716811656951904
depth_loss/train,32200,1782120375.9898646,0.6700159311294556
depth_loss/train,32300,1782120488.436919,0.6702130436897278
depth_loss/train,32400,1782120600.7343695,0.6705392003059387
depth_loss/train,32500,1782120715.4401262,0.669948399066925
depth_loss/train,32600,1782120828.1883366,0.670700192451477
depth_loss/train,32700,1782120940.8254797,0.6710360646247864
depth_loss/train,32800,1782121055.6288762,0.6751767992973328
depth_loss/train,32900,1782121168.4998732,0.6712870001792908
depth_loss/train,33000,1782121280.7334173,0.6714666485786438
depth_loss/train,33100,1782121396.0584052,0.6683881878852844
depth_loss/train,33200,1782121508.3435264,0.6696015000343323
depth_loss/train,33300,1782121620.340083,0.6696239709854126
depth_loss/train,33400,1782121735.6114779,0.6708285212516785
depth_loss/train,33500,1782121848.1189752,0.6688324809074402
depth_loss/train,33600,1782121960.426244,0.6696999669075012
depth_loss/train,33700,1782122074.824118,0.6831883192062378
depth_loss/train,33800,1782122187.527562,0.6714802384376526
depth_loss/train,33900,1782122299.8942914,0.6692364811897278
depth_loss/train,34000,1782122678.5606012,0.6707612872123718
depth_loss/train,34100,1782122790.9830043,0.6671479344367981
depth_loss/train,34200,1782122904.1283743,0.666922926902771
depth_loss/train,34300,1782123019.1747856,0.6559751629829407
depth_loss/train,34400,1782123131.6935575,0.6650683283805847
depth_loss/train,34500,1782123244.1187112,0.6670313477516174
depth_loss/train,34600,1782123357.1133502,0.6683217287063599
depth_loss/train,34700,1782123471.2019436,0.6723472476005554
depth_loss/train,34800,1782123584.4636414,0.670068621635437
depth_loss/train,34900,1782123698.4484735,0.6688244342803955
depth_loss/train,35000,1782123813.3776762,0.6706804633140564
depth_loss/train,35100,1782123925.7328312,0.6685699820518494
depth_loss/train,35200,1782124038.3953266,0.6687337756156921
depth_loss/train,35300,1782124153.2903805,0.665644645690918
depth_loss/train,35400,1782124265.9125195,0.666736900806427
depth_loss/train,35500,1782124378.6288953,0.6673839688301086
depth_loss/train,35600,1782124493.235339,0.66566401720047
depth_loss/train,35700,1782124606.430078,0.6654942035675049
depth_loss/train,35800,1782124719.2115319,0.6681737303733826
depth_loss/train,35900,1782124833.8022308,0.6699855923652649
depth_loss/train,36000,1782124946.0896757,0.6674940586090088
depth_loss/train,36100,1782125058.4082358,0.6674991846084595
depth_loss/train,36200,1782125173.3017797,0.6614357233047485
depth_loss/train,36300,1782125285.5970666,0.665113627910614
depth_loss/train,36400,1782125397.9870188,0.6665193438529968
depth_loss/train,36500,1782125512.6343591,0.6671456098556519
depth_loss/train,36600,1782125625.4695587,0.6685741543769836
depth_loss/train,36700,1782125738.0333047,0.6685786247253418
depth_loss/train,36800,1782125852.7757883,0.6658233404159546
depth_loss/train,36900,1782125965.1909966,0.668104887008667
depth_loss/train,37000,1782126077.5325933,0.6679514646530151
